الترتيب,الرمز,الاسم,القطاع,السعر,التغير_20يوم_%,RSI14,الدرجة,التصنيف,تجميع_ذكي,سيولة_ذكية,تشبع_بيع_وارتداد,اختراق_فني,بنية_الاتجاه,عقوبة_تصريف,أسباب_الاختيار
1,6015,أمريكانا,الخدمات الاستهلاكية,2.37,14.5,77.5,74.9,✅ زخم صاعد عام,30.0,15.5,5.0,14.4,10.0,0.0,📦 تدفق نقدي إيجابي مستمر (CMF≈+0.25) يدل على تجميع | 📈 مؤشر OBV في صعود مستمر خلال 20 جلسة | 💧 حجم أيام الصعود أعلى من النزول بنسبة 2.7x خلال 10 جلسات | 🔊 تسارع نشاط التداول: متوسط 5 أيام أعلى من متوسط 20 يوماً بـ1.2x | 🕯️ شمعة انعكاسية صعودية (ذيل سفلي طويل + إغلاق قوي) خلال آخر 3 جلسات | 🚀 اختراق فني: إغلاق فوق أعلى قمة لـ20 جلسة بحجم 1.3x المتوسط | 📐 ترتيب صاعد للمتوسطات: السعر > متوسط 50 > متوسط 100 يوم
2,7200,ام آي اس,التطبيقات وخدمات التقنية,292.2,25.2,81.9,68.7,🚀 اختراق صاعد,18.7,20.0,0.0,20.0,10.0,0.0,📦 تدفق نقدي إيجابي مستمر (CMF≈+0.35) يدل على تجميع | 📈 مؤشر OBV في صعود مستمر خلال 20 جلسة | 💧 حجم أيام الصعود أعلى من النزول بنسبة 18.8x خلال 10 جلسات | 🔊 تسارع نشاط التداول: متوسط 5 أيام أعلى من متوسط 20 يوماً بـ1.9x | 🚀 اختراق فني: إغلاق فوق أعلى قمة لـ20 جلسة بحجم 2.3x المتوسط | 📐 ترتيب صاعد للمتوسطات: السعر > متوسط 50 > متوسط 100 يوم
3,4002,المواساة,الرعاية الصحية,63.95,2.9,59.5,58.7,📦 تجميع هادئ,28.1,15.6,5.0,5.0,5.0,0.0,📦 تدفق نقدي إيجابي مستمر (CMF≈+0.17) يدل على تجميع | 📈 مؤشر OBV في صعود مستمر خلال 20 جلسة مع تماسك سعري هادئ (تجميع بصمت) | 💧 حجم أيام الصعود أعلى من النزول بنسبة 2.9x خلال 10 جلسات | 🔊 تسارع نشاط التداول: متوسط 5 أيام أعلى من متوسط 20 يوماً بـ1.3x | 🕯️ شمعة انعكاسية صعودية (ذيل سفلي طويل + إغلاق قوي) خلال آخر 3 جلسات | 📐 السعر أعلى من المتوسط المتحرك 50 يوم
4,2280,المراعي,إنتاج الأغذية,47.8,2.8,58.9,58.6,📦 تجميع هادئ,29.2,14.5,0.0,5.0,10.0,0.0,📦 تدفق نقدي إيجابي مستمر (CMF≈+0.54) يدل على تجميع | 📈 مؤشر OBV في صعود مستمر خلال 20 جلسة مع تماسك سعري هادئ (تجميع بصمت) | 💧 حجم أيام الصعود أعلى من النزول بنسبة 4.2x خلال 10 جلسات | 📐 ترتيب صاعد للمتوسطات: السعر > متوسط 50 > متوسط 100 يوم
5,1835,تمكين,الخدمات التجارية والمهنية,49.82,7.0,65.5,58.5,👀 متابعة,24.7,13.8,5.0,5.0,10.0,0.0,📦 تدفق نقدي إيجابي مستمر (CMF≈+0.09) يدل على تجميع | 📈 مؤشر OBV في صعود مستمر خلال 20 جلسة | 💧 حجم أيام الصعود أعلى من النزول بنسبة 1.8x خلال 10 جلسات | 🕯️ شمعة انعكاسية صعودية (ذيل سفلي طويل + إغلاق قوي) خلال آخر 3 جلسات | 📐 ترتيب صاعد للمتوسطات: السعر > متوسط 50 > متوسط 100 يوم
6,1212,أسترا الصناعية,السلع الرأسمالية,139.1,7.0,67.4,58.3,👀 متابعة,18.3,20.0,5.0,10.0,5.0,0.0,📦 تدفق نقدي إيجابي مستمر (CMF≈+0.13) يدل على تجميع | 📈 مؤشر OBV في صعود مستمر خلال 20 جلسة | 💧 حجم أيام الصعود أعلى من النزول بنسبة 20.1x خلال 10 جلسات | 🔊 تسارع نشاط التداول: متوسط 5 أيام أعلى من متوسط 20 يوماً بـ2.2x | 🕯️ شمعة انعكاسية صعودية (ذيل سفلي طويل + إغلاق قوي) خلال آخر 3 جلسات | 👀 السهم يقترب من اختراق قمة 20 جلسة | 📐 السعر أعلى من المتوسط المتحرك 50 يوم
7,8300,الوطنية,التأمين,15.18,16.1,73.9,57.0,🚀 اختراق صاعد,12.0,20.0,5.0,25.0,10.0,15.0,📈 مؤشر OBV في صعود مستمر خلال 20 جلسة | 💧 حجم أيام الصعود أعلى من النزول بنسبة 4.2x خلال 10 جلسات | 🔊 تسارع نشاط التداول: متوسط 5 أيام أعلى من متوسط 20 يوماً بـ2.2x | 🕯️ شمعة انعكاسية صعودية (ذيل سفلي طويل + إغلاق قوي) خلال آخر 3 جلسات | 🚀 اختراق فني: إغلاق فوق أعلى قمة لـ20 جلسة بحجم 4.2x المتوسط | 📊 تقاطع MACD صعودي حديث (زخم إيجابي متجدد) | 📐 ترتيب صاعد للمتوسطات: السعر > متوسط 50 > متوسط 100 يوم | ⚠️ تحذير تصريف: تدفق نقدي سلبي (CMF≈-0.26) رغم ارتفاع السعر مؤخراً
8,6018,الأندية للرياضة,الخدمات الاستهلاكية,8.09,19.9,72.7,53.4,👀 متابعة,18.4,20.0,5.0,5.0,5.0,0.0,📈 مؤشر OBV في صعود مستمر خلال 20 جلسة | 💧 حجم أيام الصعود أعلى من النزول بنسبة 5.2x خلال 10 جلسات | 🔊 تسارع نشاط التداول: متوسط 5 أيام أعلى من متوسط 20 يوماً بـ1.9x | 🕯️ شمعة انعكاسية صعودية (ذيل سفلي طويل + إغلاق قوي) خلال آخر 3 جلسات | 📐 السعر أعلى من المتوسط المتحرك 50 يوم
9,4320,الأندلس,تطوير عقاري,14.56,2.4,48.5,53.1,📦 تجميع هادئ,30.0,13.1,0.0,5.0,5.0,0.0,📦 تدفق نقدي إيجابي مستمر (CMF≈+0.29) يدل على تجميع | 📈 مؤشر OBV في صعود مستمر خلال 20 جلسة مع تماسك سعري هادئ (تجميع بصمت) | 💧 حجم أيام الصعود أعلى من النزول بنسبة 2.9x خلال 10 جلسات | 📐 السعر أعلى من المتوسط المتحرك 50 يوم
10,2284,المطاحن الحديثة,إنتاج الأغذية,28.82,1.3,45.9,53.0,📦 تجميع هادئ,29.2,13.8,5.0,5.0,0.0,0.0,📦 تدفق نقدي إيجابي مستمر (CMF≈+0.18) يدل على تجميع | 📈 مؤشر OBV في صعود مستمر خلال 20 جلسة مع تماسك سعري هادئ (تجميع بصمت) | 🔊 تسارع نشاط التداول: متوسط 5 أيام أعلى من متوسط 20 يوماً بـ2.1x | 🕯️ شمعة انعكاسية صعودية (ذيل سفلي طويل + إغلاق قوي) خلال آخر 3 جلسات
11,1020,الجزيرة,البنوك,12.16,3.1,54.0,52.7,📦 تجميع هادئ,22.7,15.1,0.0,5.0,10.0,0.0,📦 تدفق نقدي إيجابي مستمر (CMF≈+0.05) يدل على تجميع | 📈 مؤشر OBV في صعود مستمر خلال 20 جلسة مع تماسك سعري هادئ (تجميع بصمت) | 💧 حجم أيام الصعود أعلى من النزول بنسبة 1.8x خلال 10 جلسات | 📐 ترتيب صاعد للمتوسطات: السعر > متوسط 50 > متوسط 100 يوم
12,1080,العربي,البنوك,21.92,4.0,57.0,52.6,📦 تجميع هادئ,20.6,12.0,5.0,10.0,5.0,0.0,📦 تدفق نقدي إيجابي مستمر (CMF≈+0.31) يدل على تجميع | 📈 مؤشر OBV في صعود مستمر خلال 20 جلسة | 💧 حجم أيام الصعود أعلى من النزول بنسبة 2.6x خلال 10 جلسات | 🕯️ شمعة انعكاسية صعودية (ذيل سفلي طويل + إغلاق قوي) خلال آخر 3 جلسات | 👀 السهم يقترب من اختراق قمة 20 جلسة | 📐 السعر أعلى من المتوسط المتحرك 50 يوم
13,1323,يو سي آي سي,المواد الأساسية,27.38,5.6,58.4,51.8,📦 تجميع هادئ,21.9,14.9,0.0,5.0,10.0,0.0,📦 تدفق نقدي إيجابي مستمر (CMF≈+0.10) يدل على تجميع | 📈 مؤشر OBV في صعود مستمر خلال 20 جلسة | 💧 حجم أيام الصعود أعلى من النزول بنسبة 3.4x خلال 10 جلسات | 📐 ترتيب صاعد للمتوسطات: السعر > متوسط 50 > متوسط 100 يوم
14,8120,إتحاد الخليج الأهلية,التأمين,14.61,1.4,66.3,51.2,👀 متابعة,12.6,13.7,5.0,10.0,10.0,0.0,📦 تدفق نقدي إيجابي مستمر (CMF≈+0.15) يدل على تجميع | 💧 حجم أيام الصعود أعلى من النزول بنسبة 1.9x خلال 10 جلسات | 🕯️ شمعة انعكاسية صعودية (ذيل سفلي طويل + إغلاق قوي) خلال آخر 3 جلسات | 📊 تقاطع MACD صعودي حديث (زخم إيجابي متجدد) | 📐 ترتيب صاعد للمتوسطات: السعر > متوسط 50 > متوسط 100 يوم
15,7202,سلوشنز,التطبيقات وخدمات التقنية,208.9,1.3,49.0,50.8,📦 تجميع هادئ,30.0,15.8,0.0,5.0,0.0,0.0,📦 تدفق نقدي إيجابي مستمر (CMF≈+0.28) يدل على تجميع | 📈 مؤشر OBV في صعود مستمر خلال 20 جلسة مع تماسك سعري هادئ (تجميع بصمت) | 💧 حجم أيام الصعود أعلى من النزول بنسبة 2.1x خلال 10 جلسات | 🔊 تسارع نشاط التداول: متوسط 5 أيام أعلى من متوسط 20 يوماً بـ1.3x
16,4162,المنجم,تجزئة السلع الاستهلاكية,63.65,4.5,60.3,50.4,👀 متابعة,11.8,18.6,0.0,10.0,10.0,0.0,📦 تدفق نقدي إيجابي مستمر (CMF≈+0.12) يدل على تجميع | 💧 حجم أيام الصعود أعلى من النزول بنسبة 2.7x خلال 10 جلسات | 🔊 تسارع نشاط التداول: متوسط 5 أيام أعلى من متوسط 20 يوماً بـ1.6x | 📊 تقاطع MACD صعودي حديث (زخم إيجابي متجدد) | 📐 ترتيب صاعد للمتوسطات: السعر > متوسط 50 > متوسط 100 يوم
17,4300,دار الأركان,تطوير عقاري,19.1,2.1,55.1,50.1,📦 تجميع هادئ,24.3,10.7,5.0,0.0,10.0,0.0,📦 تدفق نقدي إيجابي مستمر (CMF≈+0.09) يدل على تجميع | 📈 مؤشر OBV في صعود مستمر خلال 20 جلسة مع تماسك سعري هادئ (تجميع بصمت) | 💧 حجم أيام الصعود أعلى من النزول بنسبة 1.4x خلال 10 جلسات | 🕯️ شمعة انعكاسية صعودية (ذيل سفلي طويل + إغلاق قوي) خلال آخر 3 جلسات | 📐 ترتيب صاعد للمتوسطات: السعر > متوسط 50 > متوسط 100 يوم
18,1834,سماسكو,الخدمات التجارية والمهنية,6.35,3.4,53.2,49.7,👀 متابعة,15.9,13.8,5.0,5.0,10.0,0.0,📦 تدفق نقدي إيجابي مستمر (CMF≈+0.18) يدل على تجميع | 💧 حجم أيام الصعود أعلى من النزول بنسبة 2.0x خلال 10 جلسات | 🕯️ شمعة انعكاسية صعودية (ذيل سفلي طويل + إغلاق قوي) خلال آخر 3 جلسات | 📐 ترتيب صاعد للمتوسطات: السعر > متوسط 50 > متوسط 100 يوم
19,1210,بي سي آي,المواد الأساسية,25.4,7.6,73.4,49.1,⚠️ تصريف/توزيع,14.4,20.0,0.0,19.9,5.0,10.2,📈 مؤشر OBV في صعود مستمر خلال 20 جلسة | 💧 حجم أيام الصعود أعلى من النزول بنسبة 4.4x خلال 10 جلسات | 🔊 تسارع نشاط التداول: متوسط 5 أيام أعلى من متوسط 20 يوماً بـ2.6x | 🚀 اختراق فني: إغلاق فوق أعلى قمة لـ20 جلسة بحجم 2.0x المتوسط | 📐 السعر أعلى من المتوسط المتحرك 50 يوم | ⚠️ تحذير تصريف: تدفق نقدي سلبي (CMF≈-0.13) رغم ارتفاع السعر مؤخراً
20,4040,سابتكو,النقل,12.46,9.8,72.3,48.9,👀 متابعة,4.5,20.0,0.0,20.0,10.0,5.6,💧 حجم أيام الصعود أعلى من النزول بنسبة 7.1x خلال 10 جلسات | 🔊 تسارع نشاط التداول: متوسط 5 أيام أعلى من متوسط 20 يوماً بـ2.2x | 🚀 اختراق فني: إغلاق فوق أعلى قمة لـ20 جلسة بحجم 3.9x المتوسط | 📐 ترتيب صاعد للمتوسطات: السعر > متوسط 50 > متوسط 100 يوم | ⚠️ تحذير تصريف: تدفق نقدي سلبي (CMF≈-0.06) رغم ارتفاع السعر مؤخراً
21,4310,مدينة المعرفة,تطوير عقاري,15.8,24.4,73.0,48.3,👀 متابعة,21.3,12.0,0.0,5.0,10.0,0.0,📈 مؤشر OBV في صعود مستمر خلال 20 جلسة | 💧 حجم أيام الصعود أعلى من النزول بنسبة 2.6x خلال 10 جلسات | 📐 ترتيب صاعد للمتوسطات: السعر > متوسط 50 > متوسط 100 يوم
22,2070,الدوائية,الأدوية,30.96,1.4,55.2,48.1,📦 تجميع هادئ,26.4,11.7,0.0,5.0,5.0,0.0,📦 تدفق نقدي إيجابي مستمر (CMF≈+0.13) يدل على تجميع | 📈 مؤشر OBV في صعود مستمر خلال 20 جلسة مع تماسك سعري هادئ (تجميع بصمت) | 💧 حجم أيام الصعود أعلى من النزول بنسبة 1.8x خلال 10 جلسات | 📐 السعر أعلى من المتوسط المتحرك 50 يوم
23,4291,الوطنية للتعليم,الخدمات الاستهلاكية,146.8,11.7,71.1,47.5,⚠️ تصريف/توزيع,15.3,20.0,5.0,5.0,10.0,7.9,📈 مؤشر OBV في صعود مستمر خلال 20 جلسة | 💧 حجم أيام الصعود أعلى من النزول بنسبة 9.2x خلال 10 جلسات | 🔊 تسارع نشاط التداول: متوسط 5 أيام أعلى من متوسط 20 يوماً بـ2.7x | 🕯️ شمعة انعكاسية صعودية (ذيل سفلي طويل + إغلاق قوي) خلال آخر 3 جلسات | 📐 ترتيب صاعد للمتوسطات: السعر > متوسط 50 > متوسط 100 يوم | ⚠️ تحذير تصريف: تدفق نقدي سلبي (CMF≈-0.09) رغم ارتفاع السعر مؤخراً
24,2380,بترو رابغ,الطاقة,15.55,12.5,54.6,47.3,👀 متابعة,19.3,13.0,0.0,5.0,10.0,0.0,📦 تدفق نقدي إيجابي مستمر (CMF≈+0.08) يدل على تجميع | 📈 مؤشر OBV في صعود مستمر خلال 20 جلسة | 💧 حجم أيام الصعود أعلى من النزول بنسبة 2.1x خلال 10 جلسات | 📐 ترتيب صاعد للمتوسطات: السعر > متوسط 50 > متوسط 100 يوم
25,1050,بي اس اف,البنوك,20.19,3.3,55.7,46.2,📦 تجميع هادئ,18.6,12.6,5.0,5.0,5.0,0.0,📦 تدفق نقدي إيجابي مستمر (CMF≈+0.22) يدل على تجميع | 💧 حجم أيام الصعود أعلى من النزول بنسبة 3.5x خلال 10 جلسات | 🕯️ شمعة انعكاسية صعودية (ذيل سفلي طويل + إغلاق قوي) خلال آخر 3 جلسات | 📐 السعر أعلى من المتوسط المتحرك 50 يوم
26,2170,اللجين,المواد الأساسية,28.0,2.4,53.5,46.2,📦 تجميع هادئ,21.7,9.5,5.0,5.0,5.0,0.0,📈 مؤشر OBV في صعود مستمر خلال 20 جلسة مع تماسك سعري هادئ (تجميع بصمت) | 💧 حجم أيام الصعود أعلى من النزول بنسبة 1.3x خلال 10 جلسات | 🕯️ شمعة انعكاسية صعودية (ذيل سفلي طويل + إغلاق قوي) خلال آخر 3 جلسات | 📐 السعر أعلى من المتوسط المتحرك 50 يوم
27,2350,كيان السعودية,المواد الأساسية,5.16,-0.8,48.1,44.5,📦 تجميع هادئ,20.0,19.6,0.0,5.0,0.0,0.0,📦 تدفق نقدي إيجابي مستمر (CMF≈+0.05) يدل على تجميع | 📈 مؤشر OBV في صعود مستمر خلال 20 جلسة مع تماسك سعري هادئ (تجميع بصمت) | 💧 حجم أيام الصعود أعلى من النزول بنسبة 2.0x خلال 10 جلسات | 🔊 تسارع نشاط التداول: متوسط 5 أيام أعلى من متوسط 20 يوماً بـ1.7x
28,4190,جرير,تجزئة السلع الكمالية,17.22,-1.6,54.8,44.5,👀 متابعة,12.1,12.4,0.0,10.0,10.0,0.0,📦 تدفق نقدي إيجابي مستمر (CMF≈+0.14) يدل على تجميع | 💧 حجم أيام الصعود أعلى من النزول بنسبة 3.1x خلال 10 جلسات | 📊 تقاطع MACD صعودي حديث (زخم إيجابي متجدد) | 📐 ترتيب صاعد للمتوسطات: السعر > متوسط 50 > متوسط 100 يوم
29,8150,أسيج,التأمين,8.34,12.1,76.8,44.5,⚠️ تصريف/توزيع,4.5,20.0,0.0,25.0,10.0,15.0,📈 مؤشر OBV في صعود مستمر خلال 20 جلسة | 💧 حجم أيام الصعود أعلى من النزول بنسبة 12.3x خلال 10 جلسات | 🔊 تسارع نشاط التداول: متوسط 5 أيام أعلى من متوسط 20 يوماً بـ2.4x | 🚀 اختراق فني: إغلاق فوق أعلى قمة لـ20 جلسة بحجم 4.1x المتوسط | 📊 تقاطع MACD صعودي حديث (زخم إيجابي متجدد) | 📐 ترتيب صاعد للمتوسطات: السعر > متوسط 50 > متوسط 100 يوم | ⚠️ تحذير تصريف: تدفق نقدي سلبي (CMF≈-0.35) رغم ارتفاع السعر مؤخراً
30,8190,المتحدة للتأمين,التأمين,3.34,2.5,57.3,44.4,⚠️ تصريف/توزيع,15.0,20.0,0.0,10.0,10.0,10.6,📈 مؤشر OBV في صعود مستمر خلال 20 جلسة مع تماسك سعري هادئ (تجميع بصمت) | 💧 حجم أيام الصعود أعلى من النزول بنسبة 3.2x خلال 10 جلسات | 🔊 تسارع نشاط التداول: متوسط 5 أيام أعلى من متوسط 20 يوماً بـ2.5x | 📊 تقاطع MACD صعودي حديث (زخم إيجابي متجدد) | 📐 ترتيب صاعد للمتوسطات: السعر > متوسط 50 > متوسط 100 يوم | ⚠️ تحذير تصريف: تدفق نقدي سلبي (CMF≈-0.13) رغم ارتفاع السعر مؤخراً
31,1030,الإستثمار,البنوك,13.59,0.5,46.7,43.9,📦 تجميع هادئ,20.7,13.2,0.0,0.0,10.0,0.0,📦 تدفق نقدي إيجابي مستمر (CMF≈+0.39) يدل على تجميع | 📈 مؤشر OBV في صعود مستمر خلال 20 جلسة مع تماسك سعري هادئ (تجميع بصمت) | 💧 حجم أيام الصعود أعلى من النزول بنسبة 1.5x خلال 10 جلسات | 🔊 تسارع نشاط التداول: متوسط 5 أيام أعلى من متوسط 20 يوماً بـ1.4x | 📐 ترتيب صاعد للمتوسطات: السعر > متوسط 50 > متوسط 100 يوم
32,4005,رعاية,الرعاية الصحية,123.6,8.4,65.1,43.8,👀 متابعة,23.0,10.8,0.0,5.0,5.0,0.0,📦 تدفق نقدي إيجابي مستمر (CMF≈+0.06) يدل على تجميع | 📈 مؤشر OBV في صعود مستمر خلال 20 جلسة | 💧 حجم أيام الصعود أعلى من النزول بنسبة 1.7x خلال 10 جلسات | 📐 السعر أعلى من المتوسط المتحرك 50 يوم
33,8060,ولاء,التأمين,11.02,7.1,68.8,43.7,⚠️ تصريف/توزيع,4.6,19.6,5.0,19.5,10.0,15.0,📈 مؤشر OBV في صعود مستمر خلال 20 جلسة | 💧 حجم أيام الصعود أعلى من النزول بنسبة 9.0x خلال 10 جلسات | 🔊 تسارع نشاط التداول: متوسط 5 أيام أعلى من متوسط 20 يوماً بـ1.7x | 🕯️ شمعة انعكاسية صعودية (ذيل سفلي طويل + إغلاق قوي) خلال آخر 3 جلسات | 🚀 اختراق فني: إغلاق فوق أعلى قمة لـ20 جلسة بحجم 1.9x المتوسط | 📐 ترتيب صاعد للمتوسطات: السعر > متوسط 50 > متوسط 100 يوم | ⚠️ تحذير تصريف: تدفق نقدي سلبي (CMF≈-0.22) رغم ارتفاع السعر مؤخراً
34,8010,التعاونية,التأمين,137.8,-0.6,49.3,42.8,👀 متابعة,15.0,12.8,5.0,10.0,0.0,0.0,📈 مؤشر OBV في صعود مستمر خلال 20 جلسة مع تماسك سعري هادئ (تجميع بصمت) | 💧 حجم أيام الصعود أعلى من النزول بنسبة 1.6x خلال 10 جلسات | 🔊 تسارع نشاط التداول: متوسط 5 أيام أعلى من متوسط 20 يوماً بـ1.2x | 🕯️ شمعة انعكاسية صعودية (ذيل سفلي طويل + إغلاق قوي) خلال آخر 3 جلسات | 📊 تقاطع MACD صعودي حديث (زخم إيجابي متجدد)
35,1833,الموارد,الخدمات التجارية والمهنية,106.8,0.6,51.4,42.2,👀 متابعة,17.4,14.8,0.0,0.0,10.0,0.0,📦 تدفق نقدي إيجابي مستمر (CMF≈+0.18) يدل على تجميع | 💧 حجم أيام الصعود أعلى من النزول بنسبة 3.1x خلال 10 جلسات | 📐 ترتيب صاعد للمتوسطات: السعر > متوسط 50 > متوسط 100 يوم
36,1830,لجام للرياضة,الخدمات الاستهلاكية,81.35,11.1,62.2,40.8,👀 متابعة,15.5,15.3,0.0,5.0,5.0,0.0,📈 مؤشر OBV في صعود مستمر خلال 20 جلسة | 💧 حجم أيام الصعود أعلى من النزول بنسبة 4.0x خلال 10 جلسات | 🔊 تسارع نشاط التداول: متوسط 5 أيام أعلى من متوسط 20 يوماً بـ1.2x | 📐 السعر أعلى من المتوسط المتحرك 50 يوم
37,4012,الأصيل,السلع طويلة الأجل,3.62,-0.5,46.3,40.3,👀 متابعة,10.3,20.0,5.0,5.0,0.0,0.0,📦 تدفق نقدي إيجابي مستمر (CMF≈+0.08) يدل على تجميع | 💧 حجم أيام الصعود أعلى من النزول بنسبة 2.1x خلال 10 جلسات | 🔊 تسارع نشاط التداول: متوسط 5 أيام أعلى من متوسط 20 يوماً بـ2.1x | 🕯️ شمعة انعكاسية صعودية (ذيل سفلي طويل + إغلاق قوي) خلال آخر 3 جلسات
38,4070,تهامة,الإعلام والترفيه,17.75,3.0,63.6,39.9,👀 متابعة,17.0,18.6,0.0,0.0,10.0,5.7,📈 مؤشر OBV في صعود مستمر خلال 20 جلسة مع تماسك سعري هادئ (تجميع بصمت) | 💧 حجم أيام الصعود أعلى من النزول بنسبة 5.2x خلال 10 جلسات | 🔊 تسارع نشاط التداول: متوسط 5 أيام أعلى من متوسط 20 يوماً بـ1.6x | 📐 ترتيب صاعد للمتوسطات: السعر > متوسط 50 > متوسط 100 يوم | ⚠️ تحذير تصريف: تدفق نقدي سلبي (CMF≈-0.06) رغم ارتفاع السعر مؤخراً
39,6014,الآمار,الخدمات الاستهلاكية,41.1,6.1,66.6,39.9,⚠️ تصريف/توزيع,4.9,20.0,5.0,20.0,5.0,15.0,📈 مؤشر OBV في صعود مستمر خلال 20 جلسة | 💧 حجم أيام الصعود أعلى من النزول بنسبة 4.4x خلال 10 جلسات | 🔊 تسارع نشاط التداول: متوسط 5 أيام أعلى من متوسط 20 يوماً بـ2.2x | 🕯️ شمعة انعكاسية صعودية (ذيل سفلي طويل + إغلاق قوي) خلال آخر 3 جلسات | 🚀 اختراق فني: إغلاق فوق أعلى قمة لـ20 جلسة بحجم 2.6x المتوسط | 📐 السعر أعلى من المتوسط المتحرك 50 يوم | ⚠️ تحذير تصريف: تدفق نقدي سلبي (CMF≈-0.28) رغم ارتفاع السعر مؤخراً
40,1211,معادن,المواد الأساسية,61.6,4.8,63.3,39.1,👀 متابعة,6.1,16.0,0.0,12.0,5.0,0.0,💧 حجم أيام الصعود أعلى من النزول بنسبة 2.0x خلال 10 جلسات | 🔊 تسارع نشاط التداول: متوسط 5 أيام أعلى من متوسط 20 يوماً بـ1.3x | 🚀 اختراق فني: إغلاق فوق أعلى قمة لـ20 جلسة بحجم 0.9x المتوسط | 📐 السعر أعلى من المتوسط المتحرك 50 يوم
41,4200,الدريس,تجزئة السلع الكمالية,118.4,4.8,56.6,39.0,👀 متابعة,12.8,16.2,0.0,5.0,5.0,0.0,📈 مؤشر OBV في صعود مستمر خلال 20 جلسة | 💧 حجم أيام الصعود أعلى من النزول بنسبة 1.9x خلال 10 جلسات | 🔊 تسارع نشاط التداول: متوسط 5 أيام أعلى من متوسط 20 يوماً بـ1.3x | 📐 السعر أعلى من المتوسط المتحرك 50 يوم
42,2020,سابك للمغذيات الزراعية,المواد الأساسية,124.4,-2.0,52.3,39.0,👀 متابعة,15.5,13.5,0.0,10.0,0.0,0.0,📦 تدفق نقدي إيجابي مستمر (CMF≈+0.21) يدل على تجميع | 💧 حجم أيام الصعود أعلى من النزول بنسبة 1.5x خلال 10 جلسات | 🔊 تسارع نشاط التداول: متوسط 5 أيام أعلى من متوسط 20 يوماً بـ1.4x | 📊 تقاطع MACD صعودي حديث (زخم إيجابي متجدد)
43,8070,الدرع العربي,التأمين,12.25,0.8,60.5,38.7,⚠️ تصريف/توزيع,3.7,20.0,5.0,10.0,10.0,10.0,💧 حجم أيام الصعود أعلى من النزول بنسبة 8.5x خلال 10 جلسات | 🔊 تسارع نشاط التداول: متوسط 5 أيام أعلى من متوسط 20 يوماً بـ2.3x | 🕯️ شمعة انعكاسية صعودية (ذيل سفلي طويل + إغلاق قوي) خلال آخر 3 جلسات | 📊 تقاطع MACD صعودي حديث (زخم إيجابي متجدد) | 📐 ترتيب صاعد للمتوسطات: السعر > متوسط 50 > متوسط 100 يوم | ⚠️ تحذير تصريف: تدفق نقدي سلبي (CMF≈-0.13) رغم ارتفاع السعر مؤخراً
44,7030,زين السعودية,الاتصالات,10.29,1.1,47.5,38.5,👀 متابعة,15.2,13.3,5.0,5.0,0.0,0.0,📈 مؤشر OBV في صعود مستمر خلال 20 جلسة مع تماسك سعري هادئ (تجميع بصمت) | 💧 حجم أيام الصعود أعلى من النزول بنسبة 3.5x خلال 10 جلسات | 🕯️ شمعة انعكاسية صعودية (ذيل سفلي طويل + إغلاق قوي) خلال آخر 3 جلسات
45,4148,الوسائل الصناعية,السلع الرأسمالية,3.0,3.8,64.5,37.7,👀 متابعة,7.3,15.3,0.0,10.0,5.0,0.0,💧 حجم أيام الصعود أعلى من النزول بنسبة 2.3x خلال 10 جلسات | 🔊 تسارع نشاط التداول: متوسط 5 أيام أعلى من متوسط 20 يوماً بـ1.2x | 📊 تقاطع MACD صعودي حديث (زخم إيجابي متجدد) | 📐 السعر أعلى من المتوسط المتحرك 50 يوم
46,1060,الأول,البنوك,33.48,4.3,56.7,37.5,👀 متابعة,15.8,11.7,0.0,5.0,5.0,0.0,📦 تدفق نقدي إيجابي مستمر (CMF≈+0.20) يدل على تجميع | 🔊 تسارع نشاط التداول: متوسط 5 أيام أعلى من متوسط 20 يوماً بـ1.6x | 📐 السعر أعلى من المتوسط المتحرك 50 يوم
47,4280,المملكة,الخدمات المالية,12.79,10.5,60.3,37.3,👀 متابعة,14.9,7.4,0.0,5.0,10.0,0.0,📦 تدفق نقدي إيجابي مستمر (CMF≈+0.18) يدل على تجميع | 🔊 تسارع نشاط التداول: متوسط 5 أيام أعلى من متوسط 20 يوماً بـ1.4x | 📐 ترتيب صاعد للمتوسطات: السعر > متوسط 50 > متوسط 100 يوم
48,1180,الأهلي,البنوك,41.1,7.1,64.2,37.2,👀 متابعة,9.1,8.1,5.0,10.0,5.0,0.0,💧 حجم أيام الصعود أعلى من النزول بنسبة 1.3x خلال 10 جلسات | 🕯️ شمعة انعكاسية صعودية (ذيل سفلي طويل + إغلاق قوي) خلال آخر 3 جلسات | 👀 السهم يقترب من اختراق قمة 20 جلسة | 📐 السعر أعلى من المتوسط المتحرك 50 يوم
49,1140,البلاد,البنوك,24.59,1.2,51.7,37.1,📦 تجميع هادئ,18.5,8.6,0.0,5.0,5.0,0.0,📦 تدفق نقدي إيجابي مستمر (CMF≈+0.20) يدل على تجميع | 💧 حجم أيام الصعود أعلى من النزول بنسبة 1.2x خلال 10 جلسات | 📐 السعر أعلى من المتوسط المتحرك 50 يوم
50,4334,المعذر ريت,صناديق ريت,8.97,-1.1,47.5,37.1,👀 متابعة,13.4,13.7,5.0,5.0,0.0,0.0,📦 تدفق نقدي إيجابي مستمر (CMF≈+0.17) يدل على تجميع | 💧 حجم أيام الصعود أعلى من النزول بنسبة 1.2x خلال 10 جلسات | 🔊 تسارع نشاط التداول: متوسط 5 أيام أعلى من متوسط 20 يوماً بـ1.8x | 🕯️ شمعة انعكاسية صعودية (ذيل سفلي طويل + إغلاق قوي) خلال آخر 3 جلسات | 👀 السهم يقترب من اختراق قمة 20 جلسة
51,4164,النهدي,تجزئة السلع الاستهلاكية,95.45,3.7,59.7,36.6,👀 متابعة,8.1,13.5,0.0,10.0,5.0,0.0,💧 حجم أيام الصعود أعلى من النزول بنسبة 3.3x خلال 10 جلسات | 👀 السهم يقترب من اختراق قمة 20 جلسة | 📐 السعر أعلى من المتوسط المتحرك 50 يوم
52,3090,أسمنت تبوك,المواد الأساسية,7.43,-4.1,34.6,36.3,👀 متابعة,9.4,10.3,6.7,10.0,0.0,0.0,📦 تدفق نقدي إيجابي مستمر (CMF≈+0.08) يدل على تجميع | 💧 حجم أيام الصعود أعلى من النزول بنسبة 1.5x خلال 10 جلسات | 🕯️ شمعة انعكاسية صعودية (ذيل سفلي طويل + إغلاق قوي) خلال آخر 3 جلسات | 📊 تقاطع MACD صعودي حديث (زخم إيجابي متجدد)
53,4250,جبل عمر,تطوير عقاري,17.5,12.8,71.5,36.3,👀 متابعة,11.3,10.0,0.0,5.0,10.0,0.0,📈 مؤشر OBV في صعود مستمر خلال 20 جلسة | 🔊 تسارع نشاط التداول: متوسط 5 أيام أعلى من متوسط 20 يوماً بـ1.5x | 📐 ترتيب صاعد للمتوسطات: السعر > متوسط 50 > متوسط 100 يوم
54,1322,أماك,المواد الأساسية,81.0,16.8,70.9,34.9,👀 متابعة,8.2,9.3,0.0,12.4,5.0,0.0,💧 حجم أيام الصعود أعلى من النزول بنسبة 1.3x خلال 10 جلسات | 🚀 اختراق فني: إغلاق فوق أعلى قمة لـ20 جلسة بحجم 1.0x المتوسط | 📐 السعر أعلى من المتوسط المتحرك 50 يوم
55,4003,إكسترا,تجزئة السلع الكمالية,68.95,1.0,48.7,34.8,⚠️ تصريف/توزيع,15.0,20.0,0.0,10.0,0.0,10.2,📈 مؤشر OBV في صعود مستمر خلال 20 جلسة مع تماسك سعري هادئ (تجميع بصمت) | 💧 حجم أيام الصعود أعلى من النزول بنسبة 2.6x خلال 10 جلسات | 🔊 تسارع نشاط التداول: متوسط 5 أيام أعلى من متوسط 20 يوماً بـ2.1x | 👀 السهم يقترب من اختراق قمة 20 جلسة | ⚠️ تحذير تصريف: تدفق نقدي سلبي (CMF≈-0.13) رغم ارتفاع السعر مؤخراً
56,6002,هرفي للأغذية,الخدمات الاستهلاكية,14.89,6.0,57.8,34.7,⚠️ تصريف/توزيع,10.8,20.0,5.0,5.0,5.0,11.1,📈 مؤشر OBV في صعود مستمر خلال 20 جلسة | 💧 حجم أيام الصعود أعلى من النزول بنسبة 5.7x خلال 10 جلسات | 🔊 تسارع نشاط التداول: متوسط 5 أيام أعلى من متوسط 20 يوماً بـ2.3x | 🕯️ شمعة انعكاسية صعودية (ذيل سفلي طويل + إغلاق قوي) خلال آخر 3 جلسات | 📐 السعر أعلى من المتوسط المتحرك 50 يوم | ⚠️ تحذير تصريف: تدفق نقدي سلبي (CMF≈-0.14) رغم ارتفاع السعر مؤخراً
57,8030,ميدغلف للتأمين,التأمين,17.06,7.3,66.3,34.6,⚠️ تصريف/توزيع,4.6,20.0,5.0,10.0,10.0,15.0,📈 مؤشر OBV في صعود مستمر خلال 20 جلسة | 💧 حجم أيام الصعود أعلى من النزول بنسبة 2.5x خلال 10 جلسات | 🔊 تسارع نشاط التداول: متوسط 5 أيام أعلى من متوسط 20 يوماً بـ2.0x | 🕯️ شمعة انعكاسية صعودية (ذيل سفلي طويل + إغلاق قوي) خلال آخر 3 جلسات | 👀 السهم يقترب من اختراق قمة 20 جلسة | 📐 ترتيب صاعد للمتوسطات: السعر > متوسط 50 > متوسط 100 يوم | ⚠️ تحذير تصريف: تدفق نقدي سلبي (CMF≈-0.30) رغم ارتفاع السعر مؤخراً
58,1182,أملاك,الخدمات المالية,9.04,6.6,59.3,34.2,👀 متابعة,8.4,16.2,5.0,5.0,5.0,5.3,📈 مؤشر OBV في صعود مستمر خلال 20 جلسة | 💧 حجم أيام الصعود أعلى من النزول بنسبة 2.8x خلال 10 جلسات | 🔊 تسارع نشاط التداول: متوسط 5 أيام أعلى من متوسط 20 يوماً بـ1.3x | 🕯️ شمعة انعكاسية صعودية (ذيل سفلي طويل + إغلاق قوي) خلال آخر 3 جلسات | 📐 السعر أعلى من المتوسط المتحرك 50 يوم | ⚠️ تحذير تصريف: تدفق نقدي سلبي (CMF≈-0.05) رغم ارتفاع السعر مؤخراً
59,4100,مكة,تطوير عقاري,79.35,-8.7,37.1,33.7,👀 متابعة,14.9,12.6,6.3,0.0,0.0,0.0,📦 تدفق نقدي إيجابي مستمر (CMF≈+0.18) يدل على تجميع | 💧 حجم أيام الصعود أعلى من النزول بنسبة 1.3x خلال 10 جلسات | 🔊 تسارع نشاط التداول: متوسط 5 أيام أعلى من متوسط 20 يوماً بـ1.5x | 🕯️ شمعة انعكاسية صعودية (ذيل سفلي طويل + إغلاق قوي) خلال آخر 3 جلسات
60,2282,نقي,إنتاج الأغذية,57.1,-1.8,54.8,33.3,👀 متابعة,13.9,4.4,5.0,0.0,10.0,0.0,📦 تدفق نقدي إيجابي مستمر (CMF≈+0.18) يدل على تجميع | 🕯️ شمعة انعكاسية صعودية (ذيل سفلي طويل + إغلاق قوي) خلال آخر 3 جلسات | 📐 ترتيب صاعد للمتوسطات: السعر > متوسط 50 > متوسط 100 يوم
61,2300,صناعة الورق,المواد الأساسية,64.85,0.6,51.6,33.1,👀 متابعة,15.7,7.4,0.0,0.0,10.0,0.0,📦 تدفق نقدي إيجابي مستمر (CMF≈+0.16) يدل على تجميع | 🔊 تسارع نشاط التداول: متوسط 5 أيام أعلى من متوسط 20 يوماً بـ1.3x | 📐 ترتيب صاعد للمتوسطات: السعر > متوسط 50 > متوسط 100 يوم
62,1831,مهارة,الخدمات التجارية والمهنية,5.25,2.1,48.1,33.0,👀 متابعة,15.3,7.6,0.0,0.0,10.0,0.0,📦 تدفق نقدي إيجابي مستمر (CMF≈+0.19) يدل على تجميع | 💧 حجم أيام الصعود أعلى من النزول بنسبة 1.4x خلال 10 جلسات | 📐 ترتيب صاعد للمتوسطات: السعر > متوسط 50 > متوسط 100 يوم
63,4327,الرمز,تطوير عقاري,51.65,-2.6,35.0,32.9,👀 متابعة,1.3,20.0,6.6,5.0,0.0,0.0,💧 حجم أيام الصعود أعلى من النزول بنسبة 2.0x خلال 10 جلسات | 🔊 تسارع نشاط التداول: متوسط 5 أيام أعلى من متوسط 20 يوماً بـ2.6x | 🕯️ شمعة انعكاسية صعودية (ذيل سفلي طويل + إغلاق قوي) خلال آخر 3 جلسات
64,1150,الإنماء,البنوك,23.99,-1.2,49.6,32.8,👀 متابعة,9.0,13.8,5.0,5.0,0.0,0.0,💧 حجم أيام الصعود أعلى من النزول بنسبة 2.0x خلال 10 جلسات | 🕯️ شمعة انعكاسية صعودية (ذيل سفلي طويل + إغلاق قوي) خلال آخر 3 جلسات
65,4013,سليمان الحبيب,الرعاية الصحية,232.3,8.1,59.4,32.8,👀 متابعة,16.3,6.6,0.0,5.0,5.0,0.0,📦 تدفق نقدي إيجابي مستمر (CMF≈+0.18) يدل على تجميع | 📐 السعر أعلى من المتوسط المتحرك 50 يوم
66,4270,طباعة وتغليف,الخدمات التجارية والمهنية,8.12,12.6,53.1,32.5,⚠️ تصريف/توزيع,15.6,14.4,0.0,5.0,5.0,7.5,📈 مؤشر OBV في صعود مستمر خلال 20 جلسة | 💧 حجم أيام الصعود أعلى من النزول بنسبة 2.8x خلال 10 جلسات | 📐 السعر أعلى من المتوسط المتحرك 50 يوم | ⚠️ تحذير تصريف: تدفق نقدي سلبي (CMF≈-0.09) رغم ارتفاع السعر مؤخراً
67,2083,مرافق,المرافق العامة,38.4,0.2,52.9,31.8,👀 متابعة,3.6,13.2,0.0,5.0,10.0,0.0,🔊 تسارع نشاط التداول: متوسط 5 أيام أعلى من متوسط 20 يوماً بـ2.5x | 📐 ترتيب صاعد للمتوسطات: السعر > متوسط 50 > متوسط 100 يوم
68,2340,ارتيكس,السلع طويلة الأجل,12.34,0.7,53.7,31.6,👀 متابعة,7.7,19.7,0.0,0.0,10.0,5.8,📈 مؤشر OBV في صعود مستمر خلال 20 جلسة مع تماسك سعري هادئ (تجميع بصمت) | 💧 حجم أيام الصعود أعلى من النزول بنسبة 1.9x خلال 10 جلسات | 🔊 تسارع نشاط التداول: متوسط 5 أيام أعلى من متوسط 20 يوماً بـ1.8x | 📐 ترتيب صاعد للمتوسطات: السعر > متوسط 50 > متوسط 100 يوم | ⚠️ تحذير تصريف: تدفق نقدي سلبي (CMF≈-0.06) رغم ارتفاع السعر مؤخراً
69,8250,جي آي جي,التأمين,32.6,7.4,52.7,31.4,👀 متابعة,15.5,6.0,0.0,0.0,10.0,0.0,📦 تدفق نقدي إيجابي مستمر (CMF≈+0.15) يدل على تجميع | 📐 ترتيب صاعد للمتوسطات: السعر > متوسط 50 > متوسط 100 يوم
70,4346,ميفك ريت,صناديق ريت,3.31,-1.8,39.1,31.2,👀 متابعة,16.7,8.6,6.0,0.0,0.0,0.0,📦 تدفق نقدي إيجابي مستمر (CMF≈+0.38) يدل على تجميع | 🔊 تسارع نشاط التداول: متوسط 5 أيام أعلى من متوسط 20 يوماً بـ1.5x | 🕯️ شمعة انعكاسية صعودية (ذيل سفلي طويل + إغلاق قوي) خلال آخر 3 جلسات
71,4180,مجموعة فتيحي,السلع طويلة الأجل,2.43,-3.2,47.4,30.9,👀 متابعة,11.0,14.9,0.0,5.0,0.0,0.0,📈 مؤشر OBV في صعود مستمر خلال 20 جلسة مع تماسك سعري هادئ (تجميع بصمت) | 💧 حجم أيام الصعود أعلى من النزول بنسبة 1.3x خلال 10 جلسات | 🔊 تسارع نشاط التداول: متوسط 5 أيام أعلى من متوسط 20 يوماً بـ1.8x
72,2150,زجاج,المواد الأساسية,36.84,2.6,59.3,30.5,👀 متابعة,7.9,12.6,0.0,5.0,5.0,0.0,📦 تدفق نقدي إيجابي مستمر (CMF≈+0.05) يدل على تجميع | 💧 حجم أيام الصعود أعلى من النزول بنسبة 1.6x خلال 10 جلسات | 📐 السعر أعلى من المتوسط المتحرك 50 يوم
73,1111,مجموعة تداول,الخدمات المالية,117.8,-10.9,30.6,30.2,👀 متابعة,0.0,17.9,7.3,5.0,0.0,0.0,💧 حجم أيام الصعود أعلى من النزول بنسبة 1.7x خلال 10 جلسات | 🔊 تسارع نشاط التداول: متوسط 5 أيام أعلى من متوسط 20 يوماً بـ1.7x | 🕯️ شمعة انعكاسية صعودية (ذيل سفلي طويل + إغلاق قوي) خلال آخر 3 جلسات
74,6012,ريدان,الخدمات الاستهلاكية,14.84,3.6,58.0,30.0,⚠️ تصريف/توزيع,15.0,13.8,0.0,5.0,5.0,8.8,📈 مؤشر OBV في صعود مستمر خلال 20 جلسة مع تماسك سعري هادئ (تجميع بصمت) | 💧 حجم أيام الصعود أعلى من النزول بنسبة 2.1x خلال 10 جلسات | 📐 السعر أعلى من المتوسط المتحرك 50 يوم | ⚠️ تحذير تصريف: تدفق نقدي سلبي (CMF≈-0.11) رغم ارتفاع السعر مؤخراً
75,1301,أسلاك,المواد الأساسية,18.07,8.3,66.0,29.7,⚠️ تصريف/توزيع,8.4,20.0,0.0,5.0,5.0,8.8,📈 مؤشر OBV في صعود مستمر خلال 20 جلسة | 💧 حجم أيام الصعود أعلى من النزول بنسبة 4.0x خلال 10 جلسات | 🔊 تسارع نشاط التداول: متوسط 5 أيام أعلى من متوسط 20 يوماً بـ2.9x | 📐 السعر أعلى من المتوسط المتحرك 50 يوم | ⚠️ تحذير تصريف: تدفق نقدي سلبي (CMF≈-0.11) رغم ارتفاع السعر مؤخراً
76,7211,عزم,التطبيقات وخدمات التقنية,22.3,7.2,57.9,29.4,⚠️ تصريف/توزيع,13.4,15.1,0.0,5.0,5.0,9.1,📈 مؤشر OBV في صعود مستمر خلال 20 جلسة | 💧 حجم أيام الصعود أعلى من النزول بنسبة 5.9x خلال 10 جلسات | 📐 السعر أعلى من المتوسط المتحرك 50 يوم | ⚠️ تحذير تصريف: تدفق نقدي سلبي (CMF≈-0.11) رغم ارتفاع السعر مؤخراً
77,2110,الكابلات السعودية,السلع الرأسمالية,172.1,2.4,64.5,29.4,⚠️ تصريف/توزيع,2.0,11.7,5.0,12.0,10.0,11.4,💧 حجم أيام الصعود أعلى من النزول بنسبة 1.8x خلال 10 جلسات | 🕯️ شمعة انعكاسية صعودية (ذيل سفلي طويل + إغلاق قوي) خلال آخر 3 جلسات | 🚀 اختراق فني: إغلاق فوق أعلى قمة لـ20 جلسة بحجم 0.9x المتوسط | 📐 ترتيب صاعد للمتوسطات: السعر > متوسط 50 > متوسط 100 يوم | ⚠️ تحذير تصريف: تدفق نقدي سلبي (CMF≈-0.15) رغم ارتفاع السعر مؤخراً
78,3091,أسمنت الجوف,المواد الأساسية,4.99,0.0,55.7,29.1,⚠️ تصريف/توزيع,0.2,20.0,5.0,10.0,5.0,11.1,💧 حجم أيام الصعود أعلى من النزول بنسبة 3.0x خلال 10 جلسات | 🔊 تسارع نشاط التداول: متوسط 5 أيام أعلى من متوسط 20 يوماً بـ1.8x | 🕯️ شمعة انعكاسية صعودية (ذيل سفلي طويل + إغلاق قوي) خلال آخر 3 جلسات | 👀 السهم يقترب من اختراق قمة 20 جلسة | 📐 السعر أعلى من المتوسط المتحرك 50 يوم | ⚠️ تحذير تصريف: تدفق نقدي سلبي (CMF≈-0.14) رغم ارتفاع السعر مؤخراً
79,4263,سال,النقل,170.0,-3.3,46.2,29.1,👀 متابعة,9.5,14.7,0.0,5.0,0.0,0.0,📦 تدفق نقدي إيجابي مستمر (CMF≈+0.08) يدل على تجميع | 💧 حجم أيام الصعود أعلى من النزول بنسبة 1.4x خلال 10 جلسات | 🔊 تسارع نشاط التداول: متوسط 5 أيام أعلى من متوسط 20 يوماً بـ1.6x
80,4016,أفالون فارما,الأدوية,61.3,-1.6,60.2,29.1,⚠️ تصريف/توزيع,0.0,17.8,0.0,10.0,10.0,8.7,💧 حجم أيام الصعود أعلى من النزول بنسبة 4.6x خلال 10 جلسات | 🔊 تسارع نشاط التداول: متوسط 5 أيام أعلى من متوسط 20 يوماً بـ1.5x | 📊 تقاطع MACD صعودي حديث (زخم إيجابي متجدد) | 📐 ترتيب صاعد للمتوسطات: السعر > متوسط 50 > متوسط 100 يوم | ⚠️ تحذير تصريف: تدفق نقدي سلبي (CMF≈-0.10) رغم ارتفاع السعر مؤخراً
81,4336,ملكية ريت,صناديق ريت,4.55,-1.3,38.0,29.0,⚠️ تصريف/توزيع,30.0,0.0,6.1,0.0,0.0,7.1,📦 تدفق نقدي إيجابي مستمر (CMF≈+0.58) يدل على تجميع | 📈 مؤشر OBV في صعود مستمر خلال 20 جلسة مع تماسك سعري هادئ (تجميع بصمت) | 🕯️ شمعة انعكاسية صعودية (ذيل سفلي طويل + إغلاق قوي) خلال آخر 3 جلسات | ⚠️ هيمنة حجم أيام النزول على الصعود (نسبة 0.4x) - ضغط بيعي
82,4325,مسار,تطوير عقاري,17.55,-0.8,54.8,28.9,👀 متابعة,2.5,11.4,0.0,10.0,10.0,5.0,💧 حجم أيام الصعود أعلى من النزول بنسبة 1.4x خلال 10 جلسات | 🔊 تسارع نشاط التداول: متوسط 5 أيام أعلى من متوسط 20 يوماً بـ1.2x | 📊 تقاطع MACD صعودي حديث (زخم إيجابي متجدد) | 📐 ترتيب صاعد للمتوسطات: السعر > متوسط 50 > متوسط 100 يوم | ⚠️ تحذير تصريف: تدفق نقدي سلبي (CMF≈-0.05) رغم ارتفاع السعر مؤخراً
83,1214,شاكر,السلع الرأسمالية,12.34,-8.4,36.0,28.7,👀 متابعة,11.7,15.6,1.4,0.0,0.0,0.0,📈 مؤشر OBV في صعود مستمر خلال 20 جلسة | 💧 حجم أيام الصعود أعلى من النزول بنسبة 1.4x خلال 10 جلسات | 🔊 تسارع نشاط التداول: متوسط 5 أيام أعلى من متوسط 20 يوماً بـ2.6x
84,4326,الماجدية,تطوير عقاري,6.56,-6.7,36.7,28.2,👀 متابعة,0.0,14.9,3.3,10.0,0.0,0.0,💧 حجم أيام الصعود أعلى من النزول بنسبة 1.3x خلال 10 جلسات | 🔊 تسارع نشاط التداول: متوسط 5 أيام أعلى من متوسط 20 يوماً بـ1.7x | 🔄 ارتداد من تشبع بيع: RSI عند 37 ويتجه للصعود | 📊 تقاطع MACD صعودي حديث (زخم إيجابي متجدد)
85,8100,سايكو,التأمين,10.82,1.9,57.8,27.8,⚠️ تصريف/توزيع,3.4,11.1,0.0,10.0,10.0,6.7,🔊 تسارع نشاط التداول: متوسط 5 أيام أعلى من متوسط 20 يوماً بـ1.5x | 📊 تقاطع MACD صعودي حديث (زخم إيجابي متجدد) | 📐 ترتيب صاعد للمتوسطات: السعر > متوسط 50 > متوسط 100 يوم | ⚠️ تحذير تصريف: تدفق نقدي سلبي (CMF≈-0.08) رغم ارتفاع السعر مؤخراً
86,2180,فيبكو,المواد الأساسية,33.1,3.4,60.0,27.7,⚠️ تصريف/توزيع,6.9,16.8,0.0,5.0,10.0,11.0,📈 مؤشر OBV في صعود مستمر خلال 20 جلسة مع تماسك سعري هادئ (تجميع بصمت) | 💧 حجم أيام الصعود أعلى من النزول بنسبة 5.2x خلال 10 جلسات | 🔊 تسارع نشاط التداول: متوسط 5 أيام أعلى من متوسط 20 يوماً بـ1.4x | 📐 ترتيب صاعد للمتوسطات: السعر > متوسط 50 > متوسط 100 يوم | ⚠️ تحذير تصريف: تدفق نقدي سلبي (CMF≈-0.14) رغم ارتفاع السعر مؤخراً
87,4160,ثمار,تجزئة السلع الاستهلاكية,33.86,-5.8,44.6,27.5,👀 متابعة,0.4,12.0,5.1,10.0,0.0,0.0,💧 حجم أيام الصعود أعلى من النزول بنسبة 3.2x خلال 10 جلسات | 🕯️ شمعة انعكاسية صعودية (ذيل سفلي طويل + إغلاق قوي) خلال آخر 3 جلسات | 📊 تقاطع MACD صعودي حديث (زخم إيجابي متجدد)
88,4332,جدوى ريت الحرمين,صناديق ريت,4.88,-1.0,47.3,27.5,👀 متابعة,7.7,9.8,5.0,5.0,0.0,0.0,🔊 تسارع نشاط التداول: متوسط 5 أيام أعلى من متوسط 20 يوماً بـ1.3x | 🕯️ شمعة انعكاسية صعودية (ذيل سفلي طويل + إغلاق قوي) خلال آخر 3 جلسات
89,4338,الأهلي ريت 1,صناديق ريت,6.64,3.3,61.2,27.1,👀 متابعة,5.2,1.9,0.0,10.0,10.0,0.0,👀 السهم يقترب من اختراق قمة 20 جلسة | 📐 ترتيب صاعد للمتوسطات: السعر > متوسط 50 > متوسط 100 يوم
90,2100,وفرة,إنتاج الأغذية,21.3,-9.2,49.3,27.0,👀 متابعة,0.0,12.0,5.0,0.0,10.0,0.0,💧 حجم أيام الصعود أعلى من النزول بنسبة 1.9x خلال 10 جلسات | 🕯️ شمعة انعكاسية صعودية (ذيل سفلي طويل + إغلاق قوي) خلال آخر 3 جلسات | 📐 ترتيب صاعد للمتوسطات: السعر > متوسط 50 > متوسط 100 يوم
91,6090,جازادكو,إنتاج الأغذية,8.0,-3.4,42.8,26.8,👀 متابعة,7.4,14.1,0.3,5.0,0.0,0.0,📈 مؤشر OBV في صعود مستمر خلال 20 جلسة مع تماسك سعري هادئ (تجميع بصمت) | 💧 حجم أيام الصعود أعلى من النزول بنسبة 1.4x خلال 10 جلسات | 🔊 تسارع نشاط التداول: متوسط 5 أيام أعلى من متوسط 20 يوماً بـ1.6x
92,2370,مسك,السلع الرأسمالية,32.9,-1.4,56.5,26.7,⚠️ تصريف/توزيع,1.1,12.5,5.0,10.0,10.0,11.9,💧 حجم أيام الصعود أعلى من النزول بنسبة 2.8x خلال 10 جلسات | 🕯️ شمعة انعكاسية صعودية (ذيل سفلي طويل + إغلاق قوي) خلال آخر 3 جلسات | 📊 تقاطع MACD صعودي حديث (زخم إيجابي متجدد) | 📐 ترتيب صاعد للمتوسطات: السعر > متوسط 50 > متوسط 100 يوم | ⚠️ تحذير تصريف: تدفق نقدي سلبي (CMF≈-0.15) رغم ارتفاع السعر مؤخراً
93,4142,كابلات الرياض,السلع الرأسمالية,107.7,-7.9,46.1,26.4,👀 متابعة,0.0,11.4,5.0,10.0,0.0,0.0,💧 حجم أيام الصعود أعلى من النزول بنسبة 1.2x خلال 10 جلسات | 🔊 تسارع نشاط التداول: متوسط 5 أيام أعلى من متوسط 20 يوماً بـ1.4x | 🕯️ شمعة انعكاسية صعودية (ذيل سفلي طويل + إغلاق قوي) خلال آخر 3 جلسات | 📊 تقاطع MACD صعودي حديث (زخم إيجابي متجدد)
94,8012,جزيرة تكافل,التأمين,11.55,-8.9,39.6,26.2,👀 متابعة,18.7,6.9,0.9,0.0,0.0,0.2,📦 تدفق نقدي إيجابي مستمر (CMF≈+0.34) يدل على تجميع | 📈 مؤشر OBV في صعود مستمر خلال 20 جلسة | 🔊 تسارع نشاط التداول: متوسط 5 أيام أعلى من متوسط 20 يوماً بـ1.5x | ⚠️ هيمنة حجم أيام النزول على الصعود (نسبة 0.7x) - ضغط بيعي
95,2240,صناعات,المواد الأساسية,27.64,-14.0,31.9,26.1,👀 متابعة,0.0,10.9,5.2,10.0,0.0,0.0,🔊 تسارع نشاط التداول: متوسط 5 أيام أعلى من متوسط 20 يوماً بـ2.4x | 🔄 ارتداد من تشبع بيع: RSI عند 32 ويتجه للصعود | 📊 تقاطع MACD صعودي حديث (زخم إيجابي متجدد)
96,1201,تكوين,المواد الأساسية,4.9,1.9,56.8,26.0,⚠️ تصريف/توزيع,15.0,15.4,0.0,5.0,5.0,14.5,📈 مؤشر OBV في صعود مستمر خلال 20 جلسة مع تماسك سعري هادئ (تجميع بصمت) | 💧 حجم أيام الصعود أعلى من النزول بنسبة 4.2x خلال 10 جلسات | 🔊 تسارع نشاط التداول: متوسط 5 أيام أعلى من متوسط 20 يوماً بـ1.2x | 📐 السعر أعلى من المتوسط المتحرك 50 يوم | ⚠️ تحذير تصريف: تدفق نقدي سلبي (CMF≈-0.19) رغم ارتفاع السعر مؤخراً
97,2283,المطاحن الأولى,إنتاج الأغذية,51.7,-3.5,49.0,25.5,👀 متابعة,9.1,11.4,0.0,5.0,0.0,0.0,📦 تدفق نقدي إيجابي مستمر (CMF≈+0.08) يدل على تجميع | 🔊 تسارع نشاط التداول: متوسط 5 أيام أعلى من متوسط 20 يوماً بـ1.6x
98,2330,المتقدمة,المواد الأساسية,23.12,1.5,48.6,25.4,👀 متابعة,5.7,9.7,5.0,5.0,0.0,0.0,💧 حجم أيام الصعود أعلى من النزول بنسبة 1.2x خلال 10 جلسات | 🔊 تسارع نشاط التداول: متوسط 5 أيام أعلى من متوسط 20 يوماً بـ1.3x | 🕯️ شمعة انعكاسية صعودية (ذيل سفلي طويل + إغلاق قوي) خلال آخر 3 جلسات
99,2082,أكوا,المرافق العامة,185.0,-2.8,42.9,24.7,👀 متابعة,12.9,6.5,0.3,5.0,0.0,0.0,📦 تدفق نقدي إيجابي مستمر (CMF≈+0.14) يدل على تجميع | 🔊 تسارع نشاط التداول: متوسط 5 أيام أعلى من متوسط 20 يوماً بـ1.4x
100,4260,بدجت السعودية,النقل,28.66,-4.8,44.8,24.7,👀 متابعة,0.0,19.6,0.1,5.0,0.0,0.0,💧 حجم أيام الصعود أعلى من النزول بنسبة 1.8x خلال 10 جلسات | 🔊 تسارع نشاط التداول: متوسط 5 أيام أعلى من متوسط 20 يوماً بـ2.2x
101,4292,عطاء,الخدمات الاستهلاكية,47.44,-1.6,50.3,24.7,📦 تجميع هادئ,18.2,1.5,0.0,5.0,0.0,0.0,📈 مؤشر OBV في صعود مستمر خلال 20 جلسة مع تماسك سعري هادئ (تجميع بصمت)
102,4020,العقارية,تطوير عقاري,15.68,1.5,39.6,24.6,👀 متابعة,17.0,6.8,0.9,0.0,0.0,0.0,📦 تدفق نقدي إيجابي مستمر (CMF≈+0.32) يدل على تجميع | 💧 حجم أيام الصعود أعلى من النزول بنسبة 1.3x خلال 10 جلسات
103,1303,الصناعات الكهربائية,السلع الرأسمالية,14.92,-3.1,51.9,24.3,👀 متابعة,6.4,7.8,5.0,5.0,0.0,0.0,💧 حجم أيام الصعود أعلى من النزول بنسبة 1.4x خلال 10 جلسات | 🕯️ شمعة انعكاسية صعودية (ذيل سفلي طويل + إغلاق قوي) خلال آخر 3 جلسات
104,2230,الكيميائية,الرعاية الصحية,8.05,-2.1,41.9,24.1,👀 متابعة,9.4,9.2,5.5,0.0,0.0,0.0,📦 تدفق نقدي إيجابي مستمر (CMF≈+0.07) يدل على تجميع | 🔊 تسارع نشاط التداول: متوسط 5 أيام أعلى من متوسط 20 يوماً بـ1.3x | 🕯️ شمعة انعكاسية صعودية (ذيل سفلي طويل + إغلاق قوي) خلال آخر 3 جلسات
105,4330,الرياض ريت,صناديق ريت,4.86,-2.2,44.3,24.0,👀 متابعة,4.0,4.9,5.1,10.0,0.0,0.0,🕯️ شمعة انعكاسية صعودية (ذيل سفلي طويل + إغلاق قوي) خلال آخر 3 جلسات | 📊 تقاطع MACD صعودي حديث (زخم إيجابي متجدد)
106,2281,تنمية,إنتاج الأغذية,59.0,4.6,56.1,23.5,⚠️ تصريف/توزيع,0.7,12.0,5.0,10.0,5.0,9.2,💧 حجم أيام الصعود أعلى من النزول بنسبة 2.9x خلال 10 جلسات | 🕯️ شمعة انعكاسية صعودية (ذيل سفلي طويل + إغلاق قوي) خلال آخر 3 جلسات | 📊 تقاطع MACD صعودي حديث (زخم إيجابي متجدد) | 📐 السعر أعلى من المتوسط المتحرك 50 يوم | ⚠️ تحذير تصريف: تدفق نقدي سلبي (CMF≈-0.11) رغم ارتفاع السعر مؤخراً
107,4081,النايفات,الخدمات المالية,10.12,3.5,70.9,22.9,⚠️ تصريف/توزيع,2.9,20.0,0.0,10.0,5.0,15.0,💧 حجم أيام الصعود أعلى من النزول بنسبة 13.6x خلال 10 جلسات | 🔊 تسارع نشاط التداول: متوسط 5 أيام أعلى من متوسط 20 يوماً بـ2.6x | 👀 السهم يقترب من اختراق قمة 20 جلسة | 📐 السعر أعلى من المتوسط المتحرك 50 يوم | ⚠️ تحذير تصريف: تدفق نقدي سلبي (CMF≈-0.25) رغم ارتفاع السعر مؤخراً
108,2270,سدافكو,إنتاج الأغذية,202.7,-7.4,34.7,22.7,🔄 ارتداد من تشبع بيع,7.0,6.5,9.1,0.0,0.0,0.0,🔊 تسارع نشاط التداول: متوسط 5 أيام أعلى من متوسط 20 يوماً بـ1.2x | 🔄 ارتداد من تشبع بيع: RSI عند 35 ويتجه للصعود | 🕯️ شمعة انعكاسية صعودية (ذيل سفلي طويل + إغلاق قوي) خلال آخر 3 جلسات
109,2286,المطاحن الرابعة,إنتاج الأغذية,4.03,-1.0,50.0,22.4,👀 متابعة,3.9,13.5,0.0,5.0,0.0,0.0,💧 حجم أيام الصعود أعلى من النزول بنسبة 2.8x خلال 10 جلسات
110,2222,أرامكو السعودية,الطاقة,26.6,-0.7,49.0,22.2,👀 متابعة,15.0,4.6,0.0,5.0,0.0,2.4,📦 تدفق نقدي إيجابي مستمر (CMF≈+0.25) يدل على تجميع | 🔊 تسارع نشاط التداول: متوسط 5 أيام أعلى من متوسط 20 يوماً بـ1.4x | ⚠️ هيمنة حجم أيام النزول على الصعود (نسبة 0.6x) - ضغط بيعي
111,2130,صدق,السلع طويلة الأجل,16.62,-3.0,53.3,22.2,👀 متابعة,0.4,11.8,0.0,0.0,10.0,0.0,💧 حجم أيام الصعود أعلى من النزول بنسبة 1.5x خلال 10 جلسات | 📐 ترتيب صاعد للمتوسطات: السعر > متوسط 50 > متوسط 100 يوم
112,2090,جبسكو,المواد الأساسية,13.94,-2.4,45.8,21.9,👀 متابعة,0.0,16.9,0.0,5.0,0.0,0.0,💧 حجم أيام الصعود أعلى من النزول بنسبة 1.7x خلال 10 جلسات | 🔊 تسارع نشاط التداول: متوسط 5 أيام أعلى من متوسط 20 يوماً بـ1.6x
113,8280,ليفا,التأمين,15.6,6.8,65.6,21.6,⚠️ تصريف/توزيع,9.0,15.9,0.0,0.0,10.0,13.2,📈 مؤشر OBV في صعود مستمر خلال 20 جلسة | 💧 حجم أيام الصعود أعلى من النزول بنسبة 4.0x خلال 10 جلسات | 🔊 تسارع نشاط التداول: متوسط 5 أيام أعلى من متوسط 20 يوماً بـ1.3x | 📐 ترتيب صاعد للمتوسطات: السعر > متوسط 50 > متوسط 100 يوم | ⚠️ تحذير تصريف: تدفق نقدي سلبي (CMF≈-0.17) رغم ارتفاع السعر مؤخراً
114,2081,الخريف,المرافق العامة,99.25,-11.2,27.0,21.6,👀 متابعة,0.0,13.7,7.9,0.0,0.0,0.0,💧 حجم أيام الصعود أعلى من النزول بنسبة 1.3x خلال 10 جلسات | 🔊 تسارع نشاط التداول: متوسط 5 أيام أعلى من متوسط 20 يوماً بـ1.6x | ⏳ تشبع بيع واضح: RSI عند 27 (بانتظار تأكيد الارتداد) | 🕯️ شمعة انعكاسية صعودية (ذيل سفلي طويل + إغلاق قوي) خلال آخر 3 جلسات
115,2320,البابطين,السلع الرأسمالية,60.5,-4.4,51.2,21.6,⚠️ تصريف/توزيع,4.0,19.5,0.0,10.0,0.0,11.9,📈 مؤشر OBV في صعود مستمر خلال 20 جلسة | 💧 حجم أيام الصعود أعلى من النزول بنسبة 2.2x خلال 10 جلسات | 🔊 تسارع نشاط التداول: متوسط 5 أيام أعلى من متوسط 20 يوماً بـ1.7x | 📊 تقاطع MACD صعودي حديث (زخم إيجابي متجدد) | ⚠️ تحذير تصريف: تدفق نقدي سلبي (CMF≈-0.15) رغم ارتفاع السعر مؤخراً
116,4144,رؤوم,السلع الرأسمالية,72.35,-0.2,47.4,21.5,👀 متابعة,4.5,12.0,0.0,0.0,5.0,0.0,💧 حجم أيام الصعود أعلى من النزول بنسبة 1.9x خلال 10 جلسات | 📐 السعر أعلى من المتوسط المتحرك 50 يوم
117,4021,المركز الكندي الطبي,الرعاية الصحية,5.64,-2.3,57.1,20.9,⚠️ تصريف/توزيع,6.0,19.9,0.0,5.0,5.0,15.0,📈 مؤشر OBV في صعود مستمر خلال 20 جلسة مع تماسك سعري هادئ (تجميع بصمت) | 💧 حجم أيام الصعود أعلى من النزول بنسبة 10.7x خلال 10 جلسات | 🔊 تسارع نشاط التداول: متوسط 5 أيام أعلى من متوسط 20 يوماً بـ1.8x | 📐 السعر أعلى من المتوسط المتحرك 50 يوم | ⚠️ تحذير تصريف: تدفق نقدي سلبي (CMF≈-0.31) رغم ارتفاع السعر مؤخراً
118,2223,لوبريف,المواد الأساسية,125.7,-6.1,43.8,20.9,👀 متابعة,14.5,6.2,0.2,0.0,0.0,0.0,📦 تدفق نقدي إيجابي مستمر (CMF≈+0.17) يدل على تجميع
119,4140,صادرات,السلع الرأسمالية,2.42,-1.2,54.2,20.7,⚠️ تصريف/توزيع,1.1,13.1,0.0,5.0,10.0,8.5,🔊 تسارع نشاط التداول: متوسط 5 أيام أعلى من متوسط 20 يوماً بـ2.1x | 📐 ترتيب صاعد للمتوسطات: السعر > متوسط 50 > متوسط 100 يوم | ⚠️ تحذير تصريف: تدفق نقدي سلبي (CMF≈-0.10) رغم ارتفاع السعر مؤخراً
120,4130,درب السعودية,الخدمات المالية,2.25,1.8,54.7,20.7,⚠️ تصريف/توزيع,7.6,13.1,0.0,5.0,10.0,15.0,📈 مؤشر OBV في صعود مستمر خلال 20 جلسة مع تماسك سعري هادئ (تجميع بصمت) | 💧 حجم أيام الصعود أعلى من النزول بنسبة 1.6x خلال 10 جلسات | 🔊 تسارع نشاط التداول: متوسط 5 أيام أعلى من متوسط 20 يوماً بـ1.2x | 📐 ترتيب صاعد للمتوسطات: السعر > متوسط 50 > متوسط 100 يوم | ⚠️ تحذير تصريف: تدفق نقدي سلبي (CMF≈-0.26) رغم ارتفاع السعر مؤخراً
121,2160,أميانتيت,السلع الرأسمالية,12.0,-10.3,33.9,20.4,👀 متابعة,0.0,13.6,1.8,5.0,0.0,0.0,🔊 تسارع نشاط التداول: متوسط 5 أيام أعلى من متوسط 20 يوماً بـ1.8x
122,4331,الجزيرة ريت,صناديق ريت,11.38,-0.5,54.7,20.4,👀 متابعة,1.4,0.4,5.0,10.0,5.0,1.4,🕯️ شمعة انعكاسية صعودية (ذيل سفلي طويل + إغلاق قوي) خلال آخر 3 جلسات | 👀 السهم يقترب من اختراق قمة 20 جلسة | 📐 السعر أعلى من المتوسط المتحرك 50 يوم | ⚠️ هيمنة حجم أيام النزول على الصعود (نسبة 0.6x) - ضغط بيعي
123,7203,علم,التطبيقات وخدمات التقنية,595.5,-10.2,30.4,20.0,👀 متابعة,9.3,8.3,2.3,0.0,0.0,0.0,📦 تدفق نقدي إيجابي مستمر (CMF≈+0.06) يدل على تجميع | 🔊 تسارع نشاط التداول: متوسط 5 أيام أعلى من متوسط 20 يوماً بـ1.7x
124,4004,دله الصحية,الرعاية الصحية,104.0,-3.1,44.4,20.0,👀 متابعة,4.7,10.1,5.3,0.0,0.0,0.0,🔊 تسارع نشاط التداول: متوسط 5 أيام أعلى من متوسط 20 يوماً بـ2.1x | 🕯️ شمعة انعكاسية صعودية (ذيل سفلي طويل + إغلاق قوي) خلال آخر 3 جلسات
125,2050,مجموعة صافولا,إنتاج الأغذية,25.92,-3.6,40.0,19.6,👀 متابعة,6.4,7.4,0.8,5.0,0.0,0.0,🔊 تسارع نشاط التداول: متوسط 5 أيام أعلى من متوسط 20 يوماً بـ1.4x
126,2290,ينساب,المواد الأساسية,30.02,-4.5,43.3,19.4,👀 متابعة,3.6,10.5,5.3,0.0,0.0,0.0,💧 حجم أيام الصعود أعلى من النزول بنسبة 1.6x خلال 10 جلسات | 🕯️ شمعة انعكاسية صعودية (ذيل سفلي طويل + إغلاق قوي) خلال آخر 3 جلسات
127,4141,العمران,السلع الرأسمالية,20.29,-5.7,43.1,19.2,👀 متابعة,0.0,8.9,0.3,10.0,0.0,0.0,💧 حجم أيام الصعود أعلى من النزول بنسبة 1.2x خلال 10 جلسات | 📊 تقاطع MACD صعودي حديث (زخم إيجابي متجدد)
128,8210,بوبا العربية,التأمين,173.3,7.4,56.0,18.9,👀 متابعة,8.5,5.4,0.0,5.0,0.0,0.0,📈 مؤشر OBV في صعود مستمر خلال 20 جلسة
129,8311,عناية,التأمين,9.26,1.5,41.2,18.8,👀 متابعة,8.0,5.2,0.6,5.0,0.0,0.0,📈 مؤشر OBV في صعود مستمر خلال 20 جلسة مع تماسك سعري هادئ (تجميع بصمت)
130,8040,متكاملة,التأمين,14.19,6.0,66.1,18.7,⚠️ تصريف/توزيع,4.5,11.5,0.0,0.0,10.0,7.3,📈 مؤشر OBV في صعود مستمر خلال 20 جلسة | 💧 حجم أيام الصعود أعلى من النزول بنسبة 1.5x خلال 10 جلسات | 📐 ترتيب صاعد للمتوسطات: السعر > متوسط 50 > متوسط 100 يوم | ⚠️ تحذير تصريف: تدفق نقدي سلبي (CMF≈-0.08) رغم ارتفاع السعر مؤخراً
131,3005,أسمنت أم القرى,المواد الأساسية,12.79,-9.5,33.2,18.6,👀 متابعة,9.1,8.6,1.9,0.0,0.0,1.0,📦 تدفق نقدي إيجابي مستمر (CMF≈+0.08) يدل على تجميع | 🔊 تسارع نشاط التداول: متوسط 5 أيام أعلى من متوسط 20 يوماً بـ2.2x | ⚠️ هيمنة حجم أيام النزول على الصعود (نسبة 0.7x) - ضغط بيعي
132,4349,الإنماء ريت الفندقي,صناديق ريت,8.0,-1.1,31.5,18.4,⚠️ تصريف/توزيع,15.0,6.3,7.2,0.0,0.0,10.0,📦 تدفق نقدي إيجابي مستمر (CMF≈+0.21) يدل على تجميع | 🔊 تسارع نشاط التداول: متوسط 5 أيام أعلى من متوسط 20 يوماً بـ1.6x | 🕯️ شمعة انعكاسية صعودية (ذيل سفلي طويل + إغلاق قوي) خلال آخر 3 جلسات | ⚠️ هيمنة حجم أيام النزول على الصعود (نسبة 0.2x) - ضغط بيعي
133,2190,سيسكو القابضة,النقل,33.72,-6.9,38.4,18.3,👀 متابعة,5.8,8.3,6.1,0.0,0.0,1.8,🔊 تسارع نشاط التداول: متوسط 5 أيام أعلى من متوسط 20 يوماً بـ1.8x | 🕯️ شمعة انعكاسية صعودية (ذيل سفلي طويل + إغلاق قوي) خلال آخر 3 جلسات | ⚠️ هيمنة حجم أيام النزول على الصعود (نسبة 0.6x) - ضغط بيعي
134,8260,الخليجية العامة,التأمين,3.84,-1.8,51.1,18.3,⚠️ تصريف/توزيع,8.3,20.0,0.0,5.0,0.0,15.0,📈 مؤشر OBV في صعود مستمر خلال 20 جلسة مع تماسك سعري هادئ (تجميع بصمت) | 💧 حجم أيام الصعود أعلى من النزول بنسبة 5.0x خلال 10 جلسات | 🔊 تسارع نشاط التداول: متوسط 5 أيام أعلى من متوسط 20 يوماً بـ1.9x | ⚠️ تحذير تصريف: تدفق نقدي سلبي (CMF≈-0.36) رغم ارتفاع السعر مؤخراً
135,1183,سهل,الخدمات المالية,14.65,-4.6,45.9,17.9,👀 متابعة,0.9,12.0,0.0,5.0,0.0,0.0,💧 حجم أيام الصعود أعلى من النزول بنسبة 3.6x خلال 10 جلسات
136,8180,الصقر للتأمين,التأمين,11.25,-2.6,53.5,17.9,⚠️ تصريف/توزيع,0.0,17.9,5.0,10.0,0.0,15.0,💧 حجم أيام الصعود أعلى من النزول بنسبة 1.9x خلال 10 جلسات | 🔊 تسارع نشاط التداول: متوسط 5 أيام أعلى من متوسط 20 يوماً بـ1.5x | 🕯️ شمعة انعكاسية صعودية (ذيل سفلي طويل + إغلاق قوي) خلال آخر 3 جلسات | 📊 تقاطع MACD صعودي حديث (زخم إيجابي متجدد) | ⚠️ تحذير تصريف: تدفق نقدي سلبي (CMF≈-0.34) رغم ارتفاع السعر مؤخراً
137,4090,طيبة,تطوير عقاري,17.98,-2.8,42.1,17.7,👀 متابعة,0.0,7.3,5.5,5.0,0.0,0.0,💧 حجم أيام الصعود أعلى من النزول بنسبة 1.3x خلال 10 جلسات | 🕯️ شمعة انعكاسية صعودية (ذيل سفلي طويل + إغلاق قوي) خلال آخر 3 جلسات
138,7201,بحر العرب,التطبيقات وخدمات التقنية,3.31,-3.8,43.8,17.3,👀 متابعة,0.0,12.1,0.2,5.0,0.0,0.0,💧 حجم أيام الصعود أعلى من النزول بنسبة 1.6x خلال 10 جلسات
139,4084,دراية,الخدمات المالية,20.88,-5.0,32.5,17.3,👀 متابعة,5.0,7.0,7.0,0.0,0.0,1.7,🔊 تسارع نشاط التداول: متوسط 5 أيام أعلى من متوسط 20 يوماً بـ1.6x | 🕯️ شمعة انعكاسية صعودية (ذيل سفلي طويل + إغلاق قوي) خلال آخر 3 جلسات | ⚠️ هيمنة حجم أيام النزول على الصعود (نسبة 0.6x) - ضغط بيعي
140,4264,طيران ناس,النقل,49.38,-5.6,36.7,17.1,👀 متابعة,0.0,5.8,6.3,5.0,0.0,0.0,🔊 تسارع نشاط التداول: متوسط 5 أيام أعلى من متوسط 20 يوماً بـ1.3x | 🕯️ شمعة انعكاسية صعودية (ذيل سفلي طويل + إغلاق قوي) خلال آخر 3 جلسات
141,6070,الجوف,إنتاج الأغذية,41.2,-2.1,41.7,17.0,👀 متابعة,2.1,4.4,5.5,5.0,0.0,0.0,🕯️ شمعة انعكاسية صعودية (ذيل سفلي طويل + إغلاق قوي) خلال آخر 3 جلسات
142,8170,الاتحاد,التأمين,6.85,-0.7,46.9,16.8,👀 متابعة,4.6,6.5,0.0,0.0,10.0,4.3,🔊 تسارع نشاط التداول: متوسط 5 أيام أعلى من متوسط 20 يوماً بـ1.6x | 📐 ترتيب صاعد للمتوسطات: السعر > متوسط 50 > متوسط 100 يوم | ⚠️ هيمنة حجم أيام النزول على الصعود (نسبة 0.5x) - ضغط بيعي
143,4350,الاستثمار ريت,صناديق ريت,6.81,-0.4,39.2,16.7,⚠️ تصريف/توزيع,20.7,0.0,2.3,0.0,0.0,6.2,📦 تدفق نقدي إيجابي مستمر (CMF≈+0.37) يدل على تجميع | 📈 مؤشر OBV في صعود مستمر خلال 20 جلسة مع تماسك سعري هادئ (تجميع بصمت) | 🔄 ارتداد من تشبع بيع: RSI عند 39 ويتجه للصعود | ⚠️ هيمنة حجم أيام النزول على الصعود (نسبة 0.5x) - ضغط بيعي
144,1832,صدر,الخدمات التجارية والمهنية,2.5,-3.8,40.4,16.6,👀 متابعة,0.2,10.7,0.7,5.0,0.0,0.0,💧 حجم أيام الصعود أعلى من النزول بنسبة 1.4x خلال 10 جلسات
145,2382,أديس,الطاقة,17.55,-8.5,43.0,16.5,👀 متابعة,0.0,6.1,0.3,10.0,0.0,0.0,🔊 تسارع نشاط التداول: متوسط 5 أيام أعلى من متوسط 20 يوماً بـ1.3x | 📊 تقاطع MACD صعودي حديث (زخم إيجابي متجدد)
146,2360,الفخارية,المواد الأساسية,17.62,-0.4,50.7,16.4,⚠️ تصريف/توزيع,4.4,12.0,5.0,5.0,5.0,15.0,📈 مؤشر OBV في صعود مستمر خلال 20 جلسة مع تماسك سعري هادئ (تجميع بصمت) | 💧 حجم أيام الصعود أعلى من النزول بنسبة 3.2x خلال 10 جلسات | 🕯️ شمعة انعكاسية صعودية (ذيل سفلي طويل + إغلاق قوي) خلال آخر 3 جلسات | 📐 السعر أعلى من المتوسط المتحرك 50 يوم | ⚠️ تحذير تصريف: تدفق نقدي سلبي (CMF≈-0.25) رغم ارتفاع السعر مؤخراً
147,4110,باتك,السلع الرأسمالية,2.06,-1.9,47.3,16.4,⚠️ تصريف/توزيع,4.8,12.9,0.0,5.0,0.0,6.3,💧 حجم أيام الصعود أعلى من النزول بنسبة 3.1x خلال 10 جلسات | ⚠️ تحذير تصريف: تدفق نقدي سلبي (CMF≈-0.07) رغم ارتفاع السعر مؤخراً
148,4018,الموسى,الرعاية الصحية,119.3,-1.6,52.8,16.1,⚠️ تصريف/توزيع,1.7,16.8,0.0,5.0,5.0,12.5,💧 حجم أيام الصعود أعلى من النزول بنسبة 2.2x خلال 10 جلسات | 🔊 تسارع نشاط التداول: متوسط 5 أيام أعلى من متوسط 20 يوماً بـ1.4x | 📐 السعر أعلى من المتوسط المتحرك 50 يوم | ⚠️ تحذير تصريف: تدفق نقدي سلبي (CMF≈-0.16) رغم ارتفاع السعر مؤخراً
149,4192,السيف غاليري,تجزئة السلع الكمالية,6.57,-1.5,43.7,16.0,⚠️ تصريف/توزيع,8.7,5.0,5.2,5.0,0.0,7.8,📦 تدفق نقدي إيجابي مستمر (CMF≈+0.07) يدل على تجميع | 🔊 تسارع نشاط التداول: متوسط 5 أيام أعلى من متوسط 20 يوماً بـ1.4x | 🕯️ شمعة انعكاسية صعودية (ذيل سفلي طويل + إغلاق قوي) خلال آخر 3 جلسات | ⚠️ هيمنة حجم أيام النزول على الصعود (نسبة 0.4x) - ضغط بيعي
150,5110,السعودية للطاقة,المرافق العامة,17.46,-3.0,49.0,15.7,👀 متابعة,1.9,8.8,5.0,0.0,0.0,0.0,💧 حجم أيام الصعود أعلى من النزول بنسبة 1.3x خلال 10 جلسات | 🕯️ شمعة انعكاسية صعودية (ذيل سفلي طويل + إغلاق قوي) خلال آخر 3 جلسات
151,4321,سينومي سنترز,تطوير عقاري,15.97,-6.6,40.2,15.7,👀 متابعة,0.0,2.4,6.9,10.0,0.0,3.6,🕯️ شمعة انعكاسية صعودية (ذيل سفلي طويل + إغلاق قوي) خلال آخر 3 جلسات | 📊 تقاطع MACD صعودي حديث (زخم إيجابي متجدد) | ⚠️ هيمنة حجم أيام النزول على الصعود (نسبة 0.6x) - ضغط بيعي
152,2200,أنابيب,المواد الأساسية,6.23,-14.0,36.6,15.6,👀 متابعة,0.0,1.2,6.3,10.0,0.0,2.0,🕯️ شمعة انعكاسية صعودية (ذيل سفلي طويل + إغلاق قوي) خلال آخر 3 جلسات | 📊 تقاطع MACD صعودي حديث (زخم إيجابي متجدد) | ⚠️ هيمنة حجم أيام النزول على الصعود (نسبة 0.6x) - ضغط بيعي
153,8200,الإعادة السعودية,التأمين,24.5,-6.5,41.5,15.4,👀 متابعة,0.0,9.8,5.6,0.0,0.0,0.0,🔊 تسارع نشاط التداول: متوسط 5 أيام أعلى من متوسط 20 يوماً بـ2.2x | 🕯️ شمعة انعكاسية صعودية (ذيل سفلي طويل + إغلاق قوي) خلال آخر 3 جلسات
154,6001,حلواني إخوان,إنتاج الأغذية,30.46,-5.7,37.5,15.2,👀 متابعة,7.0,7.0,1.2,0.0,0.0,0.0,📈 مؤشر OBV في صعود مستمر خلال 20 جلسة
155,1202,مبكو,المواد الأساسية,17.3,0.6,56.6,15.1,⚠️ تصريف/توزيع,2.3,17.8,5.0,5.0,0.0,15.0,💧 حجم أيام الصعود أعلى من النزول بنسبة 2.9x خلال 10 جلسات | 🔊 تسارع نشاط التداول: متوسط 5 أيام أعلى من متوسط 20 يوماً بـ1.5x | 🕯️ شمعة انعكاسية صعودية (ذيل سفلي طويل + إغلاق قوي) خلال آخر 3 جلسات | ⚠️ تحذير تصريف: تدفق نقدي سلبي (CMF≈-0.28) رغم ارتفاع السعر مؤخراً
156,4165,الماجد للعود,المنتجات المنزلية والشخصية,119.9,-7.1,38.1,14.9,👀 متابعة,3.0,2.6,6.1,5.0,0.0,1.8,🕯️ شمعة انعكاسية صعودية (ذيل سفلي طويل + إغلاق قوي) خلال آخر 3 جلسات | ⚠️ هيمنة حجم أيام النزول على الصعود (نسبة 0.6x) - ضغط بيعي
157,4163,الدواء,تجزئة السلع الاستهلاكية,39.38,-7.4,28.2,14.5,👀 متابعة,0.5,6.4,2.7,5.0,0.0,0.0,💧 حجم أيام الصعود أعلى من النزول بنسبة 1.2x خلال 10 جلسات | ⏳ تشبع بيع واضح: RSI عند 28 (بانتظار تأكيد الارتداد)
158,4146,جاز,السلع الرأسمالية,15.21,-10.6,40.2,14.4,👀 متابعة,0.0,8.6,5.8,0.0,0.0,0.0,🔊 تسارع نشاط التداول: متوسط 5 أيام أعلى من متوسط 20 يوماً بـ1.3x | 🕯️ شمعة انعكاسية صعودية (ذيل سفلي طويل + إغلاق قوي) خلال آخر 3 جلسات
159,3020,أسمنت اليمامة,المواد الأساسية,23.0,-6.1,35.7,14.2,👀 متابعة,5.2,6.1,6.5,0.0,0.0,3.6,🔊 تسارع نشاط التداول: متوسط 5 أيام أعلى من متوسط 20 يوماً بـ1.6x | 🕯️ شمعة انعكاسية صعودية (ذيل سفلي طويل + إغلاق قوي) خلال آخر 3 جلسات | ⚠️ هيمنة حجم أيام النزول على الصعود (نسبة 0.6x) - ضغط بيعي
160,6060,الشرقية للتنمية,إنتاج الأغذية,14.01,-7.5,44.6,14.0,👀 متابعة,0.0,4.0,0.1,0.0,10.0,0.0,📐 ترتيب صاعد للمتوسطات: السعر > متوسط 50 > متوسط 100 يوم
161,4051,باعظيم,تجزئة السلع الكمالية,5.48,-2.8,41.1,13.8,⚠️ تصريف/توزيع,1.8,12.9,0.6,5.0,0.0,6.5,💧 حجم أيام الصعود أعلى من النزول بنسبة 1.6x خلال 10 جلسات | 🔊 تسارع نشاط التداول: متوسط 5 أيام أعلى من متوسط 20 يوماً بـ1.2x | ⚠️ تحذير تصريف: تدفق نقدي سلبي (CMF≈-0.07) رغم ارتفاع السعر مؤخراً
162,1010,الرياض,البنوك,20.39,-0.9,48.3,13.6,👀 متابعة,8.6,5.0,0.0,0.0,0.0,0.0,📦 تدفق نقدي إيجابي مستمر (CMF≈+0.07) يدل على تجميع
163,4071,العربية,الإعلام والترفيه,73.7,-15.4,17.7,13.6,🔄 ارتداد من تشبع بيع,0.0,8.0,9.0,0.0,0.0,3.4,🔊 تسارع نشاط التداول: متوسط 5 أيام أعلى من متوسط 20 يوماً بـ1.8x | ⏳ تشبع بيع واضح: RSI عند 18 (بانتظار تأكيد الارتداد) | 🕯️ شمعة انعكاسية صعودية (ذيل سفلي طويل + إغلاق قوي) خلال آخر 3 جلسات | ⚠️ هيمنة حجم أيام النزول على الصعود (نسبة 0.6x) - ضغط بيعي
164,8050,سلامة,التأمين,8.75,-5.9,46.3,13.3,⚠️ تصريف/توزيع,0.0,6.2,5.0,0.0,10.0,7.9,🔊 تسارع نشاط التداول: متوسط 5 أيام أعلى من متوسط 20 يوماً بـ1.6x | 🕯️ شمعة انعكاسية صعودية (ذيل سفلي طويل + إغلاق قوي) خلال آخر 3 جلسات | 📐 ترتيب صاعد للمتوسطات: السعر > متوسط 50 > متوسط 100 يوم | ⚠️ هيمنة حجم أيام النزول على الصعود (نسبة 0.4x) - ضغط بيعي
165,3050,أسمنت الجنوب,المواد الأساسية,18.74,-2.0,39.5,13.2,👀 متابعة,5.6,2.2,5.9,5.0,0.0,5.5,🕯️ شمعة انعكاسية صعودية (ذيل سفلي طويل + إغلاق قوي) خلال آخر 3 جلسات | ⚠️ هيمنة حجم أيام النزول على الصعود (نسبة 0.5x) - ضغط بيعي
166,4015,جمجوم فارما,الأدوية,140.0,-5.3,40.0,12.8,⚠️ تصريف/توزيع,0.0,13.0,0.8,10.0,0.0,11.0,💧 حجم أيام الصعود أعلى من النزول بنسبة 1.7x خلال 10 جلسات | 📊 تقاطع MACD صعودي حديث (زخم إيجابي متجدد) | ⚠️ تحذير تصريف: تدفق نقدي سلبي (CMF≈-0.14) رغم ارتفاع السعر مؤخراً
167,4017,فقيه الطبية,الرعاية الصحية,35.72,-0.1,54.2,12.8,⚠️ تصريف/توزيع,1.6,16.2,0.0,10.0,0.0,15.0,💧 حجم أيام الصعود أعلى من النزول بنسبة 4.5x خلال 10 جلسات | 🔊 تسارع نشاط التداول: متوسط 5 أيام أعلى من متوسط 20 يوماً بـ1.3x | 👀 السهم يقترب من اختراق قمة 20 جلسة | ⚠️ تحذير تصريف: تدفق نقدي سلبي (CMF≈-0.30) رغم ارتفاع السعر مؤخراً
168,4143,تالكو,المواد الأساسية,33.86,5.8,64.3,12.7,⚠️ تصريف/توزيع,3.4,14.2,0.0,5.0,5.0,15.0,📈 مؤشر OBV في صعود مستمر خلال 20 جلسة | 💧 حجم أيام الصعود أعلى من النزول بنسبة 4.5x خلال 10 جلسات | 📐 السعر أعلى من المتوسط المتحرك 50 يوم | ⚠️ تحذير تصريف: تدفق نقدي سلبي (CMF≈-0.23) رغم ارتفاع السعر مؤخراً
169,4019,اس ام سي للرعاية الصحية,الرعاية الصحية,14.98,-6.8,39.5,12.6,👀 متابعة,0.0,6.7,0.9,5.0,0.0,0.0,لا توجد إشارات
170,4061,أنعام القابضة,تجزئة السلع الاستهلاكية,11.49,-4.0,45.9,12.4,⚠️ تصريف/توزيع,0.6,11.7,5.0,10.0,0.0,15.0,💧 حجم أيام الصعود أعلى من النزول بنسبة 1.8x خلال 10 جلسات | 🕯️ شمعة انعكاسية صعودية (ذيل سفلي طويل + إغلاق قوي) خلال آخر 3 جلسات | 📊 تقاطع MACD صعودي حديث (زخم إيجابي متجدد) | ⚠️ تحذير تصريف: تدفق نقدي سلبي (CMF≈-0.40) رغم ارتفاع السعر مؤخراً
171,3003,أسمنت المدينة,المواد الأساسية,10.26,-6.2,35.5,12.2,👀 متابعة,0.0,3.4,3.8,5.0,0.0,0.0,🔄 ارتداد من تشبع بيع: RSI عند 35 ويتجه للصعود
172,4014,دار المعدات,الرعاية الصحية,27.6,-3.5,40.7,11.9,👀 متابعة,6.4,0.0,5.7,5.0,0.0,5.2,📈 مؤشر OBV في صعود مستمر خلال 20 جلسة مع تماسك سعري هادئ (تجميع بصمت) | 🕯️ شمعة انعكاسية صعودية (ذيل سفلي طويل + إغلاق قوي) خلال آخر 3 جلسات | ⚠️ هيمنة حجم أيام النزول على الصعود (نسبة 0.5x) - ضغط بيعي
173,1321,أنابيب الشرق,المواد الأساسية,192.0,-11.9,41.6,11.9,⚠️ تصريف/توزيع,0.8,14.3,6.4,0.0,0.0,9.6,💧 حجم أيام الصعود أعلى من النزول بنسبة 3.0x خلال 10 جلسات | 🕯️ شمعة انعكاسية صعودية (ذيل سفلي طويل + إغلاق قوي) خلال آخر 3 جلسات | ⚠️ تحذير تصريف: تدفق نقدي سلبي (CMF≈-0.12) رغم ارتفاع السعر مؤخراً
174,1324,صالح الراشد,المواد الأساسية,38.9,-5.2,30.9,11.5,👀 متابعة,0.2,4.0,2.2,5.0,0.0,0.0,لا توجد إشارات
175,3040,أسمنت القصيم,المواد الأساسية,43.3,-3.9,31.2,11.5,👀 متابعة,9.1,2.3,2.2,0.0,0.0,2.0,📦 تدفق نقدي إيجابي مستمر (CMF≈+0.08) يدل على تجميع | ⚠️ هيمنة حجم أيام النزول على الصعود (نسبة 0.6x) - ضغط بيعي
176,4344,سدكو كابيتال ريت,صناديق ريت,7.45,-8.0,29.2,11.3,⚠️ تصريف/توزيع,0.0,6.0,11.3,0.0,0.0,6.1,🔊 تسارع نشاط التداول: متوسط 5 أيام أعلى من متوسط 20 يوماً بـ1.6x | 🔄 ارتداد من تشبع بيع: RSI عند 29 ويتجه للصعود | 🕯️ شمعة انعكاسية صعودية (ذيل سفلي طويل + إغلاق قوي) خلال آخر 3 جلسات | ⚠️ هيمنة حجم أيام النزول على الصعود (نسبة 0.5x) - ضغط بيعي
177,2010,سابك,المواد الأساسية,51.15,-2.0,44.9,11.2,👀 متابعة,1.9,2.8,0.0,10.0,0.0,3.6,📊 تقاطع MACD صعودي حديث (زخم إيجابي متجدد) | ⚠️ هيمنة حجم أيام النزول على الصعود (نسبة 0.6x) - ضغط بيعي
178,2120,متطورة,الخدمات المالية,16.22,-3.6,53.9,11.1,⚠️ تصريف/توزيع,0.0,16.1,0.0,10.0,0.0,15.0,💧 حجم أيام الصعود أعلى من النزول بنسبة 4.5x خلال 10 جلسات | 🔊 تسارع نشاط التداول: متوسط 5 أيام أعلى من متوسط 20 يوماً بـ1.3x | 📊 تقاطع MACD صعودي حديث (زخم إيجابي متجدد) | ⚠️ تحذير تصريف: تدفق نقدي سلبي (CMF≈-0.26) رغم ارتفاع السعر مؤخراً
179,3008,الكثيري,المواد الأساسية,1.41,-2.8,41.7,10.9,⚠️ تصريف/توزيع,2.6,12.8,5.5,5.0,0.0,15.0,💧 حجم أيام الصعود أعلى من النزول بنسبة 2.3x خلال 10 جلسات | 🕯️ شمعة انعكاسية صعودية (ذيل سفلي طويل + إغلاق قوي) خلال آخر 3 جلسات | ⚠️ تحذير تصريف: تدفق نقدي سلبي (CMF≈-0.32) رغم ارتفاع السعر مؤخراً
180,2220,معدنية,المواد الأساسية,11.82,-5.1,46.0,10.6,👀 متابعة,3.6,4.6,0.0,5.0,0.0,2.5,🔊 تسارع نشاط التداول: متوسط 5 أيام أعلى من متوسط 20 يوماً بـ1.4x | ⚠️ هيمنة حجم أيام النزول على الصعود (نسبة 0.6x) - ضغط بيعي
181,2001,كيمانول,المواد الأساسية,30.54,-23.4,42.5,10.3,⚠️ تصريف/توزيع,0.0,8.0,0.4,0.0,10.0,8.1,🔊 تسارع نشاط التداول: متوسط 5 أيام أعلى من متوسط 20 يوماً بـ2.4x | 📐 ترتيب صاعد للمتوسطات: السعر > متوسط 50 > متوسط 100 يوم | ⚠️ هيمنة حجم أيام النزول على الصعود (نسبة 0.4x) - ضغط بيعي
182,6016,برغرايززر,الخدمات الاستهلاكية,7.51,0.1,55.0,10.1,⚠️ تصريف/توزيع,2.0,18.1,0.0,5.0,0.0,15.0,💧 حجم أيام الصعود أعلى من النزول بنسبة 2.2x خلال 10 جلسات | 🔊 تسارع نشاط التداول: متوسط 5 أيام أعلى من متوسط 20 يوماً بـ1.6x | ⚠️ تحذير تصريف: تدفق نقدي سلبي (CMF≈-0.22) رغم ارتفاع السعر مؤخراً
183,7010,اس تي سي,الاتصالات,43.58,0.3,52.4,10.1,⚠️ تصريف/توزيع,0.0,9.2,0.0,10.0,0.0,9.1,🔊 تسارع نشاط التداول: متوسط 5 أيام أعلى من متوسط 20 يوماً بـ1.2x | 👀 السهم يقترب من اختراق قمة 20 جلسة | ⚠️ تحذير تصريف: تدفق نقدي سلبي (CMF≈-0.11) رغم ارتفاع السعر مؤخراً
184,6040,تبوك الزراعية,إنتاج الأغذية,8.26,9.0,51.1,10.0,⚠️ تصريف/توزيع,1.1,6.8,0.0,0.0,10.0,7.9,🔊 تسارع نشاط التداول: متوسط 5 أيام أعلى من متوسط 20 يوماً بـ1.6x | 📐 ترتيب صاعد للمتوسطات: السعر > متوسط 50 > متوسط 100 يوم | ⚠️ تحذير تصريف: تدفق نقدي سلبي (CMF≈-0.08) رغم ارتفاع السعر مؤخراً | ⚠️ هيمنة حجم أيام النزول على الصعود (نسبة 0.7x) - ضغط بيعي
185,1213,نسيج,السلع طويلة الأجل,21.78,-17.9,43.7,10.0,👀 متابعة,0.0,9.8,0.2,0.0,0.0,0.0,💧 حجم أيام الصعود أعلى من النزول بنسبة 1.6x خلال 10 جلسات
186,2285,المطاحن العربية,إنتاج الأغذية,43.56,-6.1,32.7,9.9,👀 متابعة,5.0,3.0,2.0,0.0,0.0,0.0,لا توجد إشارات
187,7040,قو للإتصالات,الاتصالات,86.65,-2.3,48.5,9.9,⚠️ تصريف/توزيع,0.0,14.9,5.0,5.0,0.0,15.0,💧 حجم أيام الصعود أعلى من النزول بنسبة 1.5x خلال 10 جلسات | 🔊 تسارع نشاط التداول: متوسط 5 أيام أعلى من متوسط 20 يوماً بـ1.5x | 🕯️ شمعة انعكاسية صعودية (ذيل سفلي طويل + إغلاق قوي) خلال آخر 3 جلسات | ⚠️ تحذير تصريف: تدفق نقدي سلبي (CMF≈-0.24) رغم ارتفاع السعر مؤخراً
188,8230,تكافل الراجحي,التأمين,50.75,-1.6,47.7,9.9,👀 متابعة,4.6,1.1,5.0,5.0,0.0,5.7,📈 مؤشر OBV في صعود مستمر خلال 20 جلسة مع تماسك سعري هادئ (تجميع بصمت) | 🕯️ شمعة انعكاسية صعودية (ذيل سفلي طويل + إغلاق قوي) خلال آخر 3 جلسات | ⚠️ هيمنة حجم أيام النزول على الصعود (نسبة 0.5x) - ضغط بيعي
189,4001,أسواق ع العثيم,تجزئة السلع الاستهلاكية,5.14,-5.0,31.4,9.8,👀 متابعة,0.0,2.6,2.2,5.0,0.0,0.0,لا توجد إشارات
190,1304,اليمامة للحديد,المواد الأساسية,38.94,-7.0,51.0,9.8,⚠️ تصريف/توزيع,0.0,9.8,5.0,10.0,0.0,15.0,🔊 تسارع نشاط التداول: متوسط 5 أيام أعلى من متوسط 20 يوماً بـ1.6x | 🕯️ شمعة انعكاسية صعودية (ذيل سفلي طويل + إغلاق قوي) خلال آخر 3 جلسات | 📊 تقاطع MACD صعودي حديث (زخم إيجابي متجدد) | ⚠️ تحذير تصريف: تدفق نقدي سلبي (CMF≈-0.22) رغم ارتفاع السعر مؤخراً
191,8160,التأمين العربية,التأمين,8.19,-4.5,43.4,9.7,👀 متابعة,0.0,9.5,0.3,0.0,0.0,0.0,🔊 تسارع نشاط التداول: متوسط 5 أيام أعلى من متوسط 20 يوماً بـ1.5x
192,4147,سي جي إس,السلع الرأسمالية,6.3,-5.4,38.5,9.2,👀 متابعة,0.0,3.6,1.0,5.0,0.0,0.5,⚠️ هيمنة حجم أيام النزول على الصعود (نسبة 0.7x) - ضغط بيعي
193,4080,سناد القابضة,إنتاج الأغذية,7.98,-5.7,35.2,9.0,⚠️ تصريف/توزيع,0.0,5.6,6.6,5.0,0.0,8.2,🔊 تسارع نشاط التداول: متوسط 5 أيام أعلى من متوسط 20 يوماً بـ1.5x | 🕯️ شمعة انعكاسية صعودية (ذيل سفلي طويل + إغلاق قوي) خلال آخر 3 جلسات | ⚠️ هيمنة حجم أيام النزول على الصعود (نسبة 0.4x) - ضغط بيعي
194,3004,أسمنت الشمالية,المواد الأساسية,6.63,-0.3,55.3,8.6,⚠️ تصريف/توزيع,0.0,10.6,0.0,10.0,0.0,12.0,🔊 تسارع نشاط التداول: متوسط 5 أيام أعلى من متوسط 20 يوماً بـ1.4x | 👀 السهم يقترب من اختراق قمة 20 جلسة | ⚠️ تحذير تصريف: تدفق نقدي سلبي (CMF≈-0.15) رغم ارتفاع السعر مؤخراً
195,4340,الراجحي ريت,صناديق ريت,8.03,-2.1,34.8,8.5,⚠️ تصريف/توزيع,7.8,3.8,6.6,0.0,0.0,9.6,📦 تدفق نقدي إيجابي مستمر (CMF≈+0.06) يدل على تجميع | 🔊 تسارع نشاط التداول: متوسط 5 أيام أعلى من متوسط 20 يوماً بـ1.3x | 🕯️ شمعة انعكاسية صعودية (ذيل سفلي طويل + إغلاق قوي) خلال آخر 3 جلسات | ⚠️ هيمنة حجم أيام النزول على الصعود (نسبة 0.3x) - ضغط بيعي
196,6004,كاتريون,الخدمات التجارية والمهنية,71.2,-3.9,47.2,8.5,👀 متابعة,0.0,5.8,5.0,0.0,0.0,2.4,🔊 تسارع نشاط التداول: متوسط 5 أيام أعلى من متوسط 20 يوماً بـ1.5x | 🕯️ شمعة انعكاسية صعودية (ذيل سفلي طويل + إغلاق قوي) خلال آخر 3 جلسات | ⚠️ هيمنة حجم أيام النزول على الصعود (نسبة 0.6x) - ضغط بيعي
197,4050,ساسكو,تجزئة السلع الكمالية,37.5,-15.2,26.4,7.9,👀 متابعة,0.0,3.5,3.0,5.0,0.0,3.6,🔊 تسارع نشاط التداول: متوسط 5 أيام أعلى من متوسط 20 يوماً بـ1.2x | ⏳ تشبع بيع واضح: RSI عند 26 (بانتظار تأكيد الارتداد) | ⚠️ هيمنة حجم أيام النزول على الصعود (نسبة 0.6x) - ضغط بيعي
198,4009,السعودي الألماني الصحية,الرعاية الصحية,31.48,-4.0,49.7,7.8,⚠️ تصريف/توزيع,0.0,7.0,5.0,5.0,0.0,9.2,🕯️ شمعة انعكاسية صعودية (ذيل سفلي طويل + إغلاق قوي) خلال آخر 3 جلسات | ⚠️ تحذير تصريف: تدفق نقدي سلبي (CMF≈-0.11) رغم ارتفاع السعر مؤخراً
199,2381,الحفر العربية,الطاقة,82.6,-10.5,35.0,7.2,👀 متابعة,0.0,3.2,4.0,0.0,0.0,0.0,🔄 ارتداد من تشبع بيع: RSI عند 35 ويتجه للصعود
200,1320,أنابيب السعودية,المواد الأساسية,46.5,-9.0,38.1,7.0,⚠️ تصريف/توزيع,0.0,2.5,6.1,5.0,0.0,6.6,🕯️ شمعة انعكاسية صعودية (ذيل سفلي طويل + إغلاق قوي) خلال آخر 3 جلسات | ⚠️ هيمنة حجم أيام النزول على الصعود (نسبة 0.4x) - ضغط بيعي
201,4082,مرنة,الخدمات المالية,7.75,1.2,54.4,7.0,⚠️ تصريف/توزيع,0.0,12.0,0.0,5.0,5.0,15.0,💧 حجم أيام الصعود أعلى من النزول بنسبة 1.8x خلال 10 جلسات | 📐 السعر أعلى من المتوسط المتحرك 50 يوم | ⚠️ تحذير تصريف: تدفق نقدي سلبي (CMF≈-0.34) رغم ارتفاع السعر مؤخراً
202,8310,أمانة للتأمين,التأمين,7.23,-6.1,53.8,7.0,⚠️ تصريف/توزيع,0.0,2.0,0.0,10.0,10.0,15.0,📊 تقاطع MACD صعودي حديث (زخم إيجابي متجدد) | 📐 ترتيب صاعد للمتوسطات: السعر > متوسط 50 > متوسط 100 يوم | ⚠️ تحذير تصريف: تدفق نقدي سلبي (CMF≈-0.47) رغم ارتفاع السعر مؤخراً
203,4031,الخدمات الأرضية,النقل,25.8,-11.2,23.1,6.9,⚠️ تصريف/توزيع,2.1,6.1,8.5,0.0,0.0,9.8,🔊 تسارع نشاط التداول: متوسط 5 أيام أعلى من متوسط 20 يوماً بـ1.6x | ⏳ تشبع بيع واضح: RSI عند 23 (بانتظار تأكيد الارتداد) | 🕯️ شمعة انعكاسية صعودية (ذيل سفلي طويل + إغلاق قوي) خلال آخر 3 جلسات | ⚠️ هيمنة حجم أيام النزول على الصعود (نسبة 0.3x) - ضغط بيعي
204,4011,لازوردي,السلع طويلة الأجل,10.96,-0.2,47.9,6.6,👀 متابعة,0.0,3.4,0.0,5.0,0.0,1.8,⚠️ هيمنة حجم أيام النزول على الصعود (نسبة 0.6x) - ضغط بيعي
205,4262,لومي,النقل,26.86,-16.9,18.2,6.3,⚠️ تصريف/توزيع,0.0,7.3,9.0,0.0,0.0,10.0,🔊 تسارع نشاط التداول: متوسط 5 أيام أعلى من متوسط 20 يوماً بـ1.7x | ⏳ تشبع بيع واضح: RSI عند 18 (بانتظار تأكيد الارتداد) | 🕯️ شمعة انعكاسية صعودية (ذيل سفلي طويل + إغلاق قوي) خلال آخر 3 جلسات | ⚠️ هيمنة حجم أيام النزول على الصعود (نسبة 0.3x) - ضغط بيعي
206,2080,الغاز,المرافق العامة,61.9,-11.6,22.6,6.3,👀 متابعة,0.0,8.0,3.6,0.0,0.0,5.3,🔊 تسارع نشاط التداول: متوسط 5 أيام أعلى من متوسط 20 يوماً بـ2.2x | ⏳ تشبع بيع واضح: RSI عند 23 (بانتظار تأكيد الارتداد) | ⚠️ هيمنة حجم أيام النزول على الصعود (نسبة 0.5x) - ضغط بيعي
207,2250,المجموعة السعودية,المواد الأساسية,12.28,-6.6,37.9,6.3,👀 متابعة,1.8,1.2,6.1,0.0,0.0,2.8,🕯️ شمعة انعكاسية صعودية (ذيل سفلي طويل + إغلاق قوي) خلال آخر 3 جلسات | ⚠️ هيمنة حجم أيام النزول على الصعود (نسبة 0.6x) - ضغط بيعي
208,8240,تشب,التأمين,17.78,-5.2,50.2,6.3,⚠️ تصريف/توزيع,0.0,11.3,0.0,10.0,0.0,15.0,💧 حجم أيام الصعود أعلى من النزول بنسبة 1.5x خلال 10 جلسات | 📊 تقاطع MACD صعودي حديث (زخم إيجابي متجدد) | ⚠️ تحذير تصريف: تدفق نقدي سلبي (CMF≈-0.42) رغم ارتفاع السعر مؤخراً
209,4348,الخبير ريت,صناديق ريت,5.71,-0.2,42.5,6.2,👀 متابعة,4.3,1.7,0.4,5.0,0.0,5.2,👀 السهم يقترب من اختراق قمة 20 جلسة | ⚠️ هيمنة حجم أيام النزول على الصعود (نسبة 0.5x) - ضغط بيعي
210,4083,تسهيل,الخدمات المالية,28.56,-5.4,25.9,6.0,👀 متابعة,0.0,3.6,3.1,5.0,0.0,5.7,🔊 تسارع نشاط التداول: متوسط 5 أيام أعلى من متوسط 20 يوماً بـ1.3x | ⏳ تشبع بيع واضح: RSI عند 26 (بانتظار تأكيد الارتداد) | ⚠️ هيمنة حجم أيام النزول على الصعود (نسبة 0.5x) - ضغط بيعي
211,4333,تعليم ريت,صناديق ريت,10.05,-7.3,28.7,5.6,⚠️ تصريف/توزيع,0.0,8.0,7.6,0.0,0.0,10.0,🔊 تسارع نشاط التداول: متوسط 5 أيام أعلى من متوسط 20 يوماً بـ2.0x | ⏳ تشبع بيع واضح: RSI عند 29 (بانتظار تأكيد الارتداد) | 🕯️ شمعة انعكاسية صعودية (ذيل سفلي طويل + إغلاق قوي) خلال آخر 3 جلسات | ⚠️ هيمنة حجم أيام النزول على الصعود (نسبة 0.2x) - ضغط بيعي
212,3030,أسمنت السعودية,المواد الأساسية,28.3,-5.7,27.2,5.5,⚠️ تصريف/توزيع,0.0,5.4,7.1,0.0,0.0,7.0,🔊 تسارع نشاط التداول: متوسط 5 أيام أعلى من متوسط 20 يوماً بـ1.5x | 🔄 ارتداد من تشبع بيع: RSI عند 27 ويتجه للصعود | ⚠️ هيمنة حجم أيام النزول على الصعود (نسبة 0.4x) - ضغط بيعي
213,2084,مياهنا,المرافق العامة,11.9,-18.0,22.9,5.3,👀 متابعة,0.0,4.2,3.5,0.0,0.0,2.4,🔊 تسارع نشاط التداول: متوسط 5 أيام أعلى من متوسط 20 يوماً بـ1.3x | ⏳ تشبع بيع واضح: RSI عند 23 (بانتظار تأكيد الارتداد) | ⚠️ هيمنة حجم أيام النزول على الصعود (نسبة 0.6x) - ضغط بيعي
214,3080,أسمنت الشرقية,المواد الأساسية,25.14,-5.3,38.6,5.2,👀 متابعة,0.1,5.8,2.5,0.0,0.0,3.2,🔊 تسارع نشاط التداول: متوسط 5 أيام أعلى من متوسط 20 يوماً بـ1.5x | 🔄 ارتداد من تشبع بيع: RSI عند 39 ويتجه للصعود | ⚠️ هيمنة حجم أيام النزول على الصعود (نسبة 0.6x) - ضغط بيعي
215,6020,جاكو,إنتاج الأغذية,12.12,-4.6,42.5,5.1,⚠️ تصريف/توزيع,0.2,14.5,0.4,5.0,0.0,15.0,💧 حجم أيام الصعود أعلى من النزول بنسبة 1.8x خلال 10 جلسات | ⚠️ تحذير تصريف: تدفق نقدي سلبي (CMF≈-0.33) رغم ارتفاع السعر مؤخراً
216,4347,بنيان ريت,صناديق ريت,9.67,-4.4,28.8,4.6,👀 متابعة,0.0,7.4,2.6,0.0,0.0,5.4,🔊 تسارع نشاط التداول: متوسط 5 أيام أعلى من متوسط 20 يوماً بـ1.7x | ⏳ تشبع بيع واضح: RSI عند 29 (بانتظار تأكيد الارتداد) | ⚠️ هيمنة حجم أيام النزول على الصعود (نسبة 0.5x) - ضغط بيعي
217,1302,بوان,السلع الرأسمالية,34.2,-10.1,31.9,4.4,👀 متابعة,0.0,1.6,2.1,5.0,0.0,4.3,⚠️ هيمنة حجم أيام النزول على الصعود (نسبة 0.5x) - ضغط بيعي
218,4150,التعمير,تطوير عقاري,15.65,-15.4,18.9,4.4,⚠️ تصريف/توزيع,0.0,5.4,9.0,0.0,0.0,10.0,🔊 تسارع نشاط التداول: متوسط 5 أيام أعلى من متوسط 20 يوماً بـ1.5x | ⏳ تشبع بيع واضح: RSI عند 19 (بانتظار تأكيد الارتداد) | 🕯️ شمعة انعكاسية صعودية (ذيل سفلي طويل + إغلاق قوي) خلال آخر 3 جلسات | ⚠️ هيمنة حجم أيام النزول على الصعود (نسبة 0.2x) - ضغط بيعي
219,3010,أسمنت العربية,المواد الأساسية,22.22,-3.6,40.7,4.2,👀 متابعة,0.4,0.8,5.7,0.0,0.0,2.8,🕯️ شمعة انعكاسية صعودية (ذيل سفلي طويل + إغلاق قوي) خلال آخر 3 جلسات | ⚠️ هيمنة حجم أيام النزول على الصعود (نسبة 0.6x) - ضغط بيعي
220,4194,محطة البناء,تجزئة السلع الكمالية,41.98,-6.4,43.1,3.9,⚠️ تصريف/توزيع,0.0,8.6,0.3,10.0,0.0,15.0,💧 حجم أيام الصعود أعلى من النزول بنسبة 1.5x خلال 10 جلسات | 📊 تقاطع MACD صعودي حديث (زخم إيجابي متجدد) | ⚠️ تحذير تصريف: تدفق نقدي سلبي (CMF≈-0.32) رغم ارتفاع السعر مؤخراً
221,7020,إتحاد إتصالات,الاتصالات,61.5,-1.0,44.4,3.7,👀 متابعة,5.1,3.5,0.1,0.0,0.0,4.9,📈 مؤشر OBV في صعود مستمر خلال 20 جلسة مع تماسك سعري هادئ (تجميع بصمت) | 🔊 تسارع نشاط التداول: متوسط 5 أيام أعلى من متوسط 20 يوماً بـ1.2x | ⚠️ هيمنة حجم أيام النزول على الصعود (نسبة 0.5x) - ضغط بيعي
222,2288,نفوذ,إنتاج الأغذية,6.12,-13.2,26.2,3.6,👀 متابعة,0.0,0.2,3.0,5.0,0.0,4.6,⏳ تشبع بيع واضح: RSI عند 26 (بانتظار تأكيد الارتداد) | ⚠️ هيمنة حجم أيام النزول على الصعود (نسبة 0.5x) - ضغط بيعي
223,3060,أسمنت ينبع,المواد الأساسية,14.98,-2.2,41.2,3.5,⚠️ تصريف/توزيع,2.8,3.4,0.6,5.0,0.0,8.4,🔊 تسارع نشاط التداول: متوسط 5 أيام أعلى من متوسط 20 يوماً بـ1.2x | ⚠️ هيمنة حجم أيام النزول على الصعود (نسبة 0.4x) - ضغط بيعي
224,4030,البحري,الطاقة,29.98,-6.3,34.6,3.5,👀 متابعة,4.8,3.0,1.7,0.0,0.0,6.0,⚠️ هيمنة حجم أيام النزول على الصعود (نسبة 0.5x) - ضغط بيعي
225,4290,الخليج للتدريب,الخدمات الاستهلاكية,13.68,-3.0,41.9,3.5,👀 متابعة,0.0,0.5,0.5,5.0,0.0,2.5,⚠️ هيمنة حجم أيام النزول على الصعود (نسبة 0.6x) - ضغط بيعي
226,4342,جدوى ريت السعودية,صناديق ريت,9.9,-7.3,19.8,3.5,⚠️ تصريف/توزيع,0.0,4.5,9.0,0.0,0.0,10.0,🔊 تسارع نشاط التداول: متوسط 5 أيام أعلى من متوسط 20 يوماً بـ1.4x | ⏳ تشبع بيع واضح: RSI عند 20 (بانتظار تأكيد الارتداد) | 🕯️ شمعة انعكاسية صعودية (ذيل سفلي طويل + إغلاق قوي) خلال آخر 3 جلسات | ⚠️ هيمنة حجم أيام النزول على الصعود (نسبة 0.1x) - ضغط بيعي
227,4261,ذيب,النقل,20.74,-10.6,23.1,3.4,⚠️ تصريف/توزيع,0.0,8.0,3.5,0.0,0.0,8.1,🔊 تسارع نشاط التداول: متوسط 5 أيام أعلى من متوسط 20 يوماً بـ1.8x | ⏳ تشبع بيع واضح: RSI عند 23 (بانتظار تأكيد الارتداد) | ⚠️ هيمنة حجم أيام النزول على الصعود (نسبة 0.4x) - ضغط بيعي
228,2030,المصافي,الطاقة,47.48,-6.2,43.1,3.3,👀 متابعة,0.0,3.0,0.3,0.0,0.0,0.0,لا توجد إشارات
229,4265,شري,النقل,23.2,1.3,48.0,3.1,⚠️ تصريف/توزيع,1.5,4.2,0.0,5.0,0.0,7.5,🔊 تسارع نشاط التداول: متوسط 5 أيام أعلى من متوسط 20 يوماً بـ1.3x | ⚠️ تحذير تصريف: تدفق نقدي سلبي (CMF≈-0.07) رغم ارتفاع السعر مؤخراً | ⚠️ هيمنة حجم أيام النزول على الصعود (نسبة 0.7x) - ضغط بيعي
230,4230,البحر الأحمر,تطوير عقاري,22.92,-8.2,39.2,3.0,👀 متابعة,0.0,2.1,0.9,0.0,0.0,0.0,لا توجد إشارات
231,6019,المسار الشامل,الخدمات الاستهلاكية,23.0,-3.8,49.5,3.0,👀 متابعة,2.1,0.0,5.0,0.0,0.0,4.2,🕯️ شمعة انعكاسية صعودية (ذيل سفلي طويل + إغلاق قوي) خلال آخر 3 جلسات | ⚠️ هيمنة حجم أيام النزول على الصعود (نسبة 0.5x) - ضغط بيعي
232,4323,سمو,تطوير عقاري,26.2,-4.4,40.5,2.9,⚠️ تصريف/توزيع,0.0,5.2,5.7,5.0,0.0,13.1,🕯️ شمعة انعكاسية صعودية (ذيل سفلي طويل + إغلاق قوي) خلال آخر 3 جلسات | ⚠️ تحذير تصريف: تدفق نقدي سلبي (CMF≈-0.17) رغم ارتفاع السعر مؤخراً
233,4210,الأبحاث والإعلام,الإعلام والترفيه,62.4,-9.1,41.0,2.8,👀 متابعة,0.0,0.0,0.6,5.0,0.0,2.9,⚠️ هيمنة حجم أيام النزول على الصعود (نسبة 0.6x) - ضغط بيعي
234,2210,نماء للكيماويات,المواد الأساسية,18.74,0.0,29.1,2.5,⚠️ تصريف/توزيع,0.0,0.0,2.5,10.0,0.0,10.0,⏳ تشبع بيع واضح: RSI عند 29 (بانتظار تأكيد الارتداد) | 👀 السهم يقترب من اختراق قمة 20 جلسة | ⚠️ هيمنة حجم أيام النزول على الصعود (نسبة 0.0x) - ضغط بيعي
235,8313,رسن,التأمين,133.0,-5.0,44.1,2.2,⚠️ تصريف/توزيع,0.0,1.7,0.4,10.0,0.0,9.9,📊 تقاطع MACD صعودي حديث (زخم إيجابي متجدد) | ⚠️ هيمنة حجم أيام النزول على الصعود (نسبة 0.3x) - ضغط بيعي
236,4335,مشاركة ريت,صناديق ريت,3.46,-7.0,24.0,1.6,⚠️ تصريف/توزيع,0.0,3.3,8.4,0.0,0.0,10.0,🔊 تسارع نشاط التداول: متوسط 5 أيام أعلى من متوسط 20 يوماً بـ1.2x | ⏳ تشبع بيع واضح: RSI عند 24 (بانتظار تأكيد الارتداد) | 🕯️ شمعة انعكاسية صعودية (ذيل سفلي طويل + إغلاق قوي) خلال آخر 3 جلسات | ⚠️ هيمنة حجم أيام النزول على الصعود (نسبة 0.2x) - ضغط بيعي
237,7204,توبي,التطبيقات وخدمات التقنية,6.43,1.1,55.2,1.4,⚠️ تصريف/توزيع,0.0,11.4,0.0,5.0,0.0,15.0,💧 حجم أيام الصعود أعلى من النزول بنسبة 1.2x خلال 10 جلسات | 🔊 تسارع نشاط التداول: متوسط 5 أيام أعلى من متوسط 20 يوماً بـ1.4x | ⚠️ تحذير تصريف: تدفق نقدي سلبي (CMF≈-0.22) رغم ارتفاع السعر مؤخراً
238,3002,أسمنت نجران,المواد الأساسية,5.52,-3.7,35.0,1.3,👀 متابعة,0.0,1.8,1.6,0.0,0.0,2.1,⚠️ هيمنة حجم أيام النزول على الصعود (نسبة 0.6x) - ضغط بيعي
239,4345,الإنماء ريت للتجزئة,صناديق ريت,4.72,-0.2,42.9,1.3,⚠️ تصريف/توزيع,4.2,6.8,0.3,0.0,0.0,10.0,🔊 تسارع نشاط التداول: متوسط 5 أيام أعلى من متوسط 20 يوماً بـ1.6x | ⚠️ هيمنة حجم أيام النزول على الصعود (نسبة 0.2x) - ضغط بيعي
240,4322,رتال,تطوير عقاري,9.45,-17.3,25.0,1.2,⚠️ تصريف/توزيع,0.0,8.0,3.2,0.0,0.0,10.0,🔊 تسارع نشاط التداول: متوسط 5 أيام أعلى من متوسط 20 يوماً بـ2.8x | ⏳ تشبع بيع واضح: RSI عند 25 (بانتظار تأكيد الارتداد) | ⚠️ هيمنة حجم أيام النزول على الصعود (نسبة 0.2x) - ضغط بيعي
241,3092,أسمنت الرياض,المواد الأساسية,22.51,-0.6,54.2,1.2,⚠️ تصريف/توزيع,0.0,2.4,0.0,10.0,5.0,16.2,📊 تقاطع MACD صعودي حديث (زخم إيجابي متجدد) | 📐 السعر أعلى من المتوسط المتحرك 50 يوم | ⚠️ تحذير تصريف: تدفق نقدي سلبي (CMF≈-0.37) رغم ارتفاع السعر مؤخراً | ⚠️ هيمنة حجم أيام النزول على الصعود (نسبة 0.7x) - ضغط بيعي
242,2310,سبكيم العالمية,المواد الأساسية,13.0,-8.1,35.7,0.1,👀 متابعة,0.0,1.1,1.5,0.0,0.0,2.4,⚠️ هيمنة حجم أيام النزول على الصعود (نسبة 0.6x) - ضغط بيعي
243,4220,إعمار,تطوير عقاري,9.51,-1.8,41.2,0.1,⚠️ تصريف/توزيع,1.4,0.0,0.6,5.0,0.0,6.9,⚠️ هيمنة حجم أيام النزول على الصعود (نسبة 0.4x) - ضغط بيعي
244,4240,سينومي ريتيل,تجزئة السلع الكمالية,12.1,-7.0,33.4,0.0,⚠️ تصريف/توزيع,0.0,1.5,1.9,5.0,0.0,9.5,⚠️ هيمنة حجم أيام النزول على الصعود (نسبة 0.3x) - ضغط بيعي
245,4191,أبو معطي,تجزئة السلع الكمالية,39.7,-6.1,37.2,0.0,⚠️ تصريف/توزيع,0.0,0.0,1.2,0.0,0.0,6.6,⚠️ هيمنة حجم أيام النزول على الصعود (نسبة 0.4x) - ضغط بيعي
246,1820,بان,الخدمات الاستهلاكية,2.05,-1.0,50.0,0.0,⚠️ تصريف/توزيع,0.0,6.4,0.0,5.0,0.0,12.9,🔊 تسارع نشاط التداول: متوسط 5 أيام أعلى من متوسط 20 يوماً بـ1.6x | ⚠️ تحذير تصريف: تدفق نقدي سلبي (CMF≈-0.14) رغم ارتفاع السعر مؤخراً | ⚠️ هيمنة حجم أيام النزول على الصعود (نسبة 0.6x) - ضغط بيعي
247,1810,سيرا,الخدمات الاستهلاكية,19.93,-5.1,33.3,0.0,⚠️ تصريف/توزيع,0.0,2.3,1.9,0.0,0.0,10.0,⚠️ هيمنة حجم أيام النزول على الصعود (نسبة 0.2x) - ضغط بيعي
248,4324,بنان,تطوير عقاري,2.99,-3.9,40.8,0.0,⚠️ تصريف/توزيع,0.0,1.7,0.7,0.0,0.0,8.6,⚠️ هيمنة حجم أيام النزول على الصعود (نسبة 0.4x) - ضغط بيعي
249,4008,ساكو,تجزئة السلع الكمالية,20.87,-8.3,29.7,0.0,👀 متابعة,0.0,1.7,2.5,0.0,0.0,4.5,⏳ تشبع بيع واضح: RSI عند 30 (بانتظار تأكيد الارتداد) | ⚠️ هيمنة حجم أيام النزول على الصعود (نسبة 0.5x) - ضغط بيعي
250,4072,مجموعة إم بي سي,الإعلام والترفيه,20.92,-0.1,42.9,0.0,⚠️ تصريف/توزيع,0.0,1.8,5.3,5.0,0.0,15.0,🕯️ شمعة انعكاسية صعودية (ذيل سفلي طويل + إغلاق قوي) خلال آخر 3 جلسات | ⚠️ تحذير تصريف: تدفق نقدي سلبي (CMF≈-0.37) رغم ارتفاع السعر مؤخراً
251,6013,التطويرية الغذائية,الخدمات الاستهلاكية,90.7,-5.7,39.9,0.0,⚠️ تصريف/توزيع,0.0,2.0,0.8,0.0,0.0,7.6,⚠️ هيمنة حجم أيام النزول على الصعود (نسبة 0.4x) - ضغط بيعي
252,6017,جاهز,الخدمات الاستهلاكية,12.04,-6.4,44.2,0.0,⚠️ تصريف/توزيع,0.0,6.9,0.1,5.0,0.0,15.0,⚠️ تحذير تصريف: تدفق نقدي سلبي (CMF≈-0.26) رغم ارتفاع السعر مؤخراً
253,4170,شمس,الخدمات الاستهلاكية,14.1,-14.5,18.3,0.0,⚠️ تصريف/توزيع,0.0,1.4,4.0,0.0,0.0,10.0,⏳ تشبع بيع واضح: RSI عند 18 (بانتظار تأكيد الارتداد) | ⚠️ هيمنة حجم أيام النزول على الصعود (نسبة 0.2x) - ضغط بيعي
254,4193,نايس ون,تجزئة السلع الكمالية,11.4,-14.2,30.7,0.0,⚠️ تصريف/توزيع,0.0,0.0,2.3,0.0,0.0,9.7,⚠️ هيمنة حجم أيام النزول على الصعود (نسبة 0.3x) - ضغط بيعي
255,2060,التصنيع,المواد الأساسية,8.48,-8.7,33.6,0.0,⚠️ تصريف/توزيع,0.0,4.7,1.8,0.0,0.0,8.9,🔊 تسارع نشاط التداول: متوسط 5 أيام أعلى من متوسط 20 يوماً بـ1.4x | ⚠️ هيمنة حجم أيام النزول على الصعود (نسبة 0.3x) - ضغط بيعي
256,1120,الراجحي,البنوك,64.75,-0.5,50.4,0.0,⚠️ تصريف/توزيع,0.0,4.0,0.0,5.0,0.0,15.6,🔊 تسارع نشاط التداول: متوسط 5 أيام أعلى من متوسط 20 يوماً بـ1.2x | ⚠️ تحذير تصريف: تدفق نقدي سلبي (CMF≈-0.26) رغم ارتفاع السعر مؤخراً | ⚠️ هيمنة حجم أيام النزول على الصعود (نسبة 0.7x) - ضغط بيعي
257,4145,أو جي سي,السلع الرأسمالية,24.08,-3.6,45.0,0.0,⚠️ تصريف/توزيع,0.0,0.0,0.0,0.0,0.0,6.7,⚠️ هيمنة حجم أيام النزول على الصعود (نسبة 0.4x) - ضغط بيعي
258,3007,الواحة,المواد الأساسية,2.88,4.3,57.8,0.0,⚠️ تصريف/توزيع,0.0,0.0,0.0,0.0,10.0,22.9,📐 ترتيب صاعد للمتوسطات: السعر > متوسط 50 > متوسط 100 يوم | ⚠️ تحذير تصريف: تدفق نقدي سلبي (CMF≈-0.32) رغم ارتفاع السعر مؤخراً | ⚠️ هيمنة حجم أيام النزول على الصعود (نسبة 0.4x) - ضغط بيعي
259,2287,إنتاج,إنتاج الأغذية,22.91,-4.4,37.1,0.0,⚠️ تصريف/توزيع,0.0,0.0,6.3,0.0,0.0,10.0,🕯️ شمعة انعكاسية صعودية (ذيل سفلي طويل + إغلاق قوي) خلال آخر 3 جلسات | ⚠️ هيمنة حجم أيام النزول على الصعود (نسبة 0.1x) - ضغط بيعي
260,4007,الحمادي,الرعاية الصحية,25.86,-3.8,39.8,0.0,⚠️ تصريف/توزيع,0.0,7.5,0.8,0.0,0.0,10.0,🔊 تسارع نشاط التداول: متوسط 5 أيام أعلى من متوسط 20 يوماً بـ1.7x | ⚠️ هيمنة حجم أيام النزول على الصعود (نسبة 0.3x) - ضغط بيعي
261,2140,أيان,الرعاية الصحية,9.19,-14.0,24.0,0.0,⚠️ تصريف/توزيع,0.0,0.0,3.4,0.0,0.0,10.0,⏳ تشبع بيع واضح: RSI عند 24 (بانتظار تأكيد الارتداد) | ⚠️ هيمنة حجم أيام النزول على الصعود (نسبة 0.2x) - ضغط بيعي
262,6050,الأسماك,إنتاج الأغذية,57.25,-18.2,38.1,0.0,⚠️ تصريف/توزيع,0.0,0.0,1.1,0.0,0.0,6.6,⚠️ هيمنة حجم أيام النزول على الصعود (نسبة 0.4x) - ضغط بيعي
263,6010,نادك,إنتاج الأغذية,14.34,-8.4,35.3,0.0,⚠️ تصريف/توزيع,0.0,4.1,1.6,5.0,0.0,15.0,⚠️ تحذير تصريف: تدفق نقدي سلبي (CMF≈-0.38) رغم ارتفاع السعر مؤخراً
264,4006,أسواق المزرعة,تجزئة السلع الاستهلاكية,12.6,-3.8,44.7,0.0,👀 متابعة,0.0,1.3,0.0,0.0,0.0,3.8,⚠️ هيمنة حجم أيام النزول على الصعود (نسبة 0.5x) - ضغط بيعي
265,4161,بن داود,تجزئة السلع الاستهلاكية,4.65,-2.5,43.3,0.0,⚠️ تصريف/توزيع,0.0,9.6,0.3,5.0,0.0,15.0,💧 حجم أيام الصعود أعلى من النزول بنسبة 1.4x خلال 10 جلسات | ⚠️ تحذير تصريف: تدفق نقدي سلبي (CMF≈-0.29) رغم ارتفاع السعر مؤخراً
266,2040,الخزف السعودي,السلع الرأسمالية,25.02,-4.1,46.5,0.0,⚠️ تصريف/توزيع,0.0,4.2,0.0,5.0,0.0,15.0,⚠️ تحذير تصريف: تدفق نقدي سلبي (CMF≈-0.29) رغم ارتفاع السعر مؤخراً
267,8020,ملاذ للتأمين,التأمين,10.28,-2.3,55.0,0.0,⚠️ تصريف/توزيع,0.0,3.5,0.0,0.0,10.0,17.8,🔊 تسارع نشاط التداول: متوسط 5 أيام أعلى من متوسط 20 يوماً بـ1.2x | 📐 ترتيب صاعد للمتوسطات: السعر > متوسط 50 > متوسط 100 يوم | ⚠️ تحذير تصريف: تدفق نقدي سلبي (CMF≈-0.21) رغم ارتفاع السعر مؤخراً | ⚠️ هيمنة حجم أيام النزول على الصعود (نسبة 0.6x) - ضغط بيعي
268,4337,العزيزية ريت,صناديق ريت,4.8,-5.5,39.6,0.0,⚠️ تصريف/توزيع,0.0,0.0,2.1,0.0,0.0,7.2,🔄 ارتداد من تشبع بيع: RSI عند 40 ويتجه للصعود | ⚠️ هيمنة حجم أيام النزول على الصعود (نسبة 0.4x) - ضغط بيعي
269,4339,دراية ريت,صناديق ريت,5.28,-4.0,38.7,0.0,⚠️ تصريف/توزيع,0.0,0.0,6.0,0.0,0.0,10.0,🕯️ شمعة انعكاسية صعودية (ذيل سفلي طويل + إغلاق قوي) خلال آخر 3 جلسات | ⚠️ هيمنة حجم أيام النزول على الصعود (نسبة 0.3x) - ضغط بيعي
